ncl,cltype,LCO,LCOerr,L13CO,L13COerr,LHCO,LHCOerr,LHCN,LHCNerr,LCS,LCSerr,vel_dispCO,vel_dispCOerr,vel_disp13CO,vel_disp13COerr,vel_dispHCO,vel_dispHCOerr,vel_dispHCN,vel_dispHCNerr,vel_dispCS,vel_dispCSerr,maj,min,R,Rerr,area,perim
1,1,7200,720,856.6,85.66,91.09,9.112,19.2,1.933,14.05,1.421,8.045,0.2449,5.695,0.1893,5.905,0.2081,6.33,0.4666,5.14,0.523,12.36,2.232,8.523,5.111,857.9,140.4
2,0,7450,745,861.5,86.16,88.89,8.894,17.95,1.813,13.43,1.365,7.48,0.2415,5.333,0.1832,5.428,0.1955,6.012,0.451,4.86,0.5005,12.32,2.236,8.52,4.856,858.6,117.2
3,1,6992,699.2,853.6,85.37,92.56,9.259,19.86,1.996,14.28,1.441,8.602,0.2495,6.038,0.1977,6.355,0.2475,6.823,0.6961,5.33,0.7002,12.36,2.232,8.523,5.109,848.2,312.7
4,2,0.6099,0.06633,0.07042,0.01722,nan,nan,nan,nan,nan,nan,nan,nan,0.5181,0.3953,nan,nan,nan,nan,nan,nan,0.303,0.8944,0.6985,0.7314,2.279,17.6
5,1,6851,685.1,848.9,84.9,93.76,9.379,20.42,2.05,15.14,1.524,9.258,0.2669,6.358,0.254,6.849,0.54,0.2855,3216,0.4209,8851,12.37,2.236,8.537,5.106,826.4,517.6
6,2,0.5682,0.06167,0.07316,0.01522,nan,nan,nan,nan,nan,nan,1.901,0.1013,1.536,0.514,nan,nan,nan,nan,nan,nan,0.2325,0.1878,nan,0.04559,1.185,7.563
7,1,6808,680.8,846.9,84.69,94.25,9.427,20.45,2.054,15.39,1.549,9.375,0.2495,6.46,0.2354,7.09,0.5552,0.1963,inf,-0.957,0.2613,12.37,2.236,8.537,5.107,812,596.6
8,2,1.169,0.1211,0.2469,0.03176,nan,nan,nan,nan,nan,nan,2.414,0.09058,2.688,0.2537,nan,nan,nan,nan,nan,nan,0.203,0.2463,nan,0.00983,1.19,6.109
9,1,6738,673.8,843,84.31,95.09,9.511,20.84,2.091,16.1,1.619,9.659,0.2405,6.632,0.2729,7.413,0.7064,0.2362,3.205e+05,-1.556,1.176,12.36,2.232,8.523,5.111,788.9,719.7
10,1,6752,675.2,843.8,84.38,94.89,9.491,20.72,2.079,15.89,1.598,9.588,0.2411,6.591,0.2706,7.363,0.6773,0.225,inf,-1.447,1.321,12.36,2.232,8.523,5.111,795.5,715.4
11,1,6586,658.6,828.8,82.88,95.86,9.588,21.04,2.111,16.52,1.66,9.878,0.2389,6.677,0.2834,7.675,0.6671,0.1587,4.216e+05,-0.1462,3.926e+06,12.37,2.236,8.537,5.109,723.4,730.6
12,1,6212,621.2,785.9,78.6,96.74,9.676,21.8,2.186,17.01,1.708,9.729,0.1999,6.743,0.2053,9.871,0.9161,0.5844,0.07254,5.904,1.462,8.49,2.409,7.336,4.204,631,651
13,1,6609,660.9,830.1,83.02,95.53,9.556,20.86,2.092,16.43,1.651,9.789,0.2369,6.631,0.2848,0.3103,28.49,0.1176,4.228e+05,-0.2606,2.105e+04,12.37,2.236,8.537,5.109,737.9,756.7
14,1,6703,670.3,841,84.1,95.59,9.561,21.04,2.111,16.29,1.638,9.803,0.2402,6.714,0.2895,0.3129,15.3,0.2065,9.731e+05,-0.2085,9.637e+06,12.36,2.232,8.523,5.112,775.7,780.7
15,1,6559,655.9,827.2,82.72,96.46,9.648,21.33,2.14,16.81,1.689,9.94,0.2265,6.74,0.2593,2.097,1.448,0.7326,0.2008,0.1186,6.362e+11,12.37,2.236,8.537,5.109,710.5,737.1
16,1,6322,632.2,795.1,79.51,97.21,9.723,21.67,2.173,17.2,1.727,10.15,0.25,6.83,0.2518,2.089,1.414,0.5932,0.09707,0.2761,6.335,8.49,2.409,7.336,4.204,664.1,669.5
17,1,6332,633.2,795.9,79.59,96.98,9.7,21.57,2.163,17.04,1.712,10.11,0.248,6.804,0.252,1.732,1.086,0.595,0.08433,0.1538,6.369e+05,8.49,2.402,7.325,4.14,668.5,668.5
18,1,6563,656.3,827.4,82.74,96.37,9.639,21.27,2.133,16.76,1.684,9.934,0.2248,6.733,0.2399,2.082,1.431,0.7172,0.2116,0.09193,inf,12.37,2.236,8.537,5.11,712.5,735.5
19,1,6686,668.6,840.1,84.02,95.79,9.582,21.1,2.117,16.41,1.649,9.865,0.2391,6.754,0.2947,0.3231,14.24,0.1952,inf,0.0943,inf,12.36,2.232,8.523,5.113,767.3,801.8
20,1,6305,630.5,794,79.4,97.51,9.753,21.78,2.183,17.28,1.735,9.965,0.1941,6.825,0.2092,9.451,0.8578,0.5789,0.07004,6.824,1.621,8.49,2.409,7.336,4.204,659.6,682.7
21,1,6197,619.7,785,78.51,96.98,9.7,21.97,2.203,17.14,1.721,9.735,0.199,6.784,0.2053,8.722,0.709,1.48,0.4518,5.942,1.436,8.49,2.409,7.336,4.204,626.4,667
22,1,6069,606.9,776.6,77.66,99.73,9.975,23.07,2.312,18.44,1.85,9.977,0.1934,6.979,0.2994,9.223,0.5279,0.9796,0.153,-0.2669,2528,8.49,2.409,7.336,4.204,567.9,662.6
23,1,5977,597.7,770.2,77.02,101.4,10.14,23.79,2.383,19.35,1.94,10.09,0.2031,7.144,0.2263,9.266,0.4631,0.4781,0.5265,7.449,1.067,8.49,2.409,7.336,4.204,531.4,647.8
24,1,5726,572.6,740.2,74.02,100.8,10.08,23.53,2.358,19.67,1.972,9.934,0.2062,6.882,0.2073,9.169,0.466,7.267,1.343,6.817,0.9278,8.491,2.409,7.336,4.204,487.3,624
25,1,5770,577,743.3,74.33,100.1,10.01,23.3,2.334,19.23,1.927,9.918,0.2037,6.784,0.2142,9.425,0.4666,0.3789,1.608,-6.8,1.044,8.491,2.409,7.336,4.204,498.9,589
26,1,6008,600.8,772.3,77.23,100.8,10.08,23.53,2.357,19.05,1.911,10.02,0.1961,7.11,0.2271,9.219,0.4677,0.5558,0.3693,7.742,1.027,8.49,2.409,7.336,4.204,541.7,644.2
27,1,6526,652.6,825.5,82.55,96.86,9.688,21.51,2.158,17.05,1.712,10.06,0.2371,6.802,0.2607,0.4334,1.439,0.6031,0.08083,-8.091,3.444,12.37,2.236,8.537,5.109,701,757.2
28,1,6048,604.8,775.2,77.52,100.1,10.01,23.17,2.322,18.68,1.874,9.961,0.1955,7.058,0.2387,9.225,0.4732,0.5916,0.3747,7.376,0.959,8.49,2.409,7.336,4.204,557.3,644.6
29,1,5676,567.6,736.6,73.66,101.5,10.15,23.81,2.385,20.17,2.021,9.93,0.2066,6.947,0.2095,9.122,0.4709,7.156,1.264,6.933,0.9431,8.492,2.409,7.336,4.204,472.1,652.8
30,1,5662,566.2,735.5,73.55,101.7,10.17,23.91,2.395,20.35,2.04,9.923,0.2063,6.94,0.2113,9.123,0.4676,7.299,1.241,6.965,0.8612,8.491,2.409,7.336,4.204,462.2,606.4
31,1,5634,563.4,733.6,73.36,102.2,10.22,24.05,2.409,20.61,2.065,9.97,0.2081,6.981,0.2096,9.208,0.4743,7.242,1.284,7.287,0.857,8.491,2.409,7.336,4.204,454.6,613.8
32,1,5380,538,713.3,71.33,104.4,10.45,24.88,2.491,22.08,2.211,9.943,0.2178,7.017,0.2071,9.74,0.5016,8.958,1.007,6.447,0.8753,8.492,2.41,7.338,4.221,379.2,608.5
33,1,5332,533.2,708.8,70.88,104.7,10.47,24.99,2.502,22.35,2.238,9.948,0.2156,7.045,0.2098,9.797,0.5196,8.989,1.02,6.41,0.8678,8.492,2.41,7.338,4.221,363.8,587
34,1,5403,540.3,715.1,71.51,104.4,10.44,24.84,2.487,21.98,2.201,9.923,0.2168,7.008,0.205,9.721,0.4984,8.779,0.978,6.413,0.8372,8.493,2.409,7.336,4.204,384.6,599.4
35,1,5548,554.8,727.2,72.73,103.1,10.31,24.32,2.435,21.08,2.112,10.01,0.2125,7.003,0.2102,9.391,0.5282,7.073,1.409,7.271,0.9852,8.491,2.409,7.336,4.204,433,628.2
36,1,6019,601.9,773.3,77.33,100.6,10.06,23.39,2.344,18.96,1.901,10.02,0.1956,7.11,0.2295,9.283,0.4708,0.5629,0.3643,7.693,1.015,8.49,2.409,7.336,4.204,547.5,665
37,1,5352,535.2,710.3,71.03,104.6,10.46,24.94,2.497,22.24,2.227,9.924,0.2159,7.011,0.2071,9.684,0.493,8.926,1.001,6.478,0.8503,8.492,2.41,7.338,4.221,369.3,588.2
38,1,5061,506.1,683,68.3,104.3,10.44,24.93,2.495,23.06,2.309,9.847,0.2183,6.981,0.2116,9.181,0.4646,8.749,0.7747,6.225,0.8729,8.501,2.407,7.338,4.234,291.7,459.9
39,1,5262,526.2,703,70.3,104.8,10.48,25.03,2.506,22.68,2.271,9.942,0.2159,7.054,0.2102,9.655,0.5039,8.847,0.9739,6.406,0.8887,8.493,2.408,7.336,4.204,342.6,572.3
40,1,5469,546.9,720.4,72.04,103.8,10.38,24.69,2.472,21.6,2.163,10,0.2112,7.038,0.2124,9.462,0.5873,7.545,1.346,6.609,0.8591,8.492,2.409,7.336,4.204,407.9,616.8
41,1,5670,567,736.1,73.61,101.6,10.16,23.86,2.39,20.21,2.026,9.939,0.2069,6.95,0.2089,9.149,0.4751,7.283,1.237,6.978,0.8903,8.492,2.409,7.336,4.204,469.6,646.2
42,1,5010,501,678.5,67.85,104.2,10.42,24.87,2.49,23.19,2.322,9.829,0.2172,6.984,0.2154,9.145,0.4595,8.827,0.773,6.166,0.8517,8.49,2.402,7.325,4.222,278.8,454.1
43,1,5023,502.3,679.6,67.96,104.2,10.42,24.92,2.494,23.14,2.316,9.847,0.2172,7.001,0.2157,9.197,0.4649,8.831,0.8033,6.176,0.8694,8.49,2.402,7.325,4.222,282.8,462.8
44,1,5178,517.8,695.2,69.52,104.4,10.44,24.86,2.489,22.75,2.278,9.903,0.2213,6.998,0.2115,9.452,0.4868,8.804,0.8703,6.271,0.9006,8.493,2.41,7.339,4.221,320.8,534.2
45,1,5509,550.9,724.3,72.43,103.4,10.34,24.54,2.457,21.3,2.134,10.01,0.2116,7.02,0.2101,9.602,0.5684,7.403,1.464,6.677,0.8945,8.492,2.409,7.336,4.204,419.4,615.5
46,1,5362,536.2,711.1,71.11,104.5,10.46,24.92,2.495,22.2,2.223,9.919,0.2164,7.005,0.2067,9.687,0.4953,8.929,1.011,6.466,0.8496,8.492,2.41,7.338,4.221,372.1,583.7
47,1,5316,531.6,707.4,70.74,104.7,10.47,24.99,2.502,22.43,2.246,9.953,0.2149,7.054,0.209,9.789,0.5182,8.949,1.053,6.463,0.8616,8.485,2.407,7.331,4.199,359.8,592.5
48,1,5290,529,705.1,70.51,104.6,10.46,25.01,2.504,22.57,2.26,9.948,0.2158,7.032,0.2096,9.747,0.5153,8.947,1.029,6.467,0.8736,8.485,2.407,7.331,4.199,351.5,582.9
49,1,5437,543.7,717.6,71.77,104.2,10.42,24.8,2.483,21.8,2.183,9.914,0.2169,6.989,0.2053,9.76,0.5013,8.663,1.017,6.435,0.8138,8.492,2.409,7.336,4.204,396.3,606.8
50,1,6530,653,825.7,82.57,96.83,9.685,21.46,2.152,17.04,1.711,10.03,0.2339,6.787,0.2558,0.4334,1.433,0.6032,0.07861,-7.78,3.296,12.37,2.236,8.537,5.109,702,751.9
51,1,6671,667.1,838.9,83.89,96.03,9.606,21.2,2.127,16.52,1.66,9.942,0.2392,6.792,0.295,0.3226,14.39,0.2088,9.89e+05,0.2587,1.035e+04,12.36,2.232,8.523,5.113,759.7,812
52,1,5956,595.6,768.6,76.87,101.6,10.16,23.93,2.397,19.47,1.951,10.13,0.2048,7.162,0.2263,9.468,0.4661,0.4927,0.4055,-6.786,1.022,8.49,2.409,7.336,4.204,525.8,654.2
53,1,186.8,18.68,29.26,2.929,0.02041,0.01617,0.02482,0.01456,0.05287,0.01219,5.173,0.2482,4.235,0.3973,3.123,1.103,0.8084,0.1817,0.2957,16.63,2.552,0.5673,1.896,2.018,30.37,109.5
54,1,6029,602.9,773.9,77.4,100.5,10.05,23.32,2.336,18.85,1.89,9.995,0.1953,7.089,0.232,9.326,0.4771,0.5794,0.3724,7.764,1.093,8.49,2.409,7.336,4.204,550.5,652.3
55,1,5539,553.9,726.6,72.66,103.1,10.32,24.35,2.439,21.05,2.109,10.01,0.2122,7.011,0.2113,9.776,0.5885,7.151,1.427,6.282,0.8985,8.491,2.409,7.336,4.204,431.1,628.2
56,1,5097,509.7,686,68.61,104.3,10.43,24.86,2.488,22.88,2.291,9.89,0.2166,6.998,0.2131,9.323,0.4735,8.882,0.8067,6.291,0.9279,8.501,2.407,7.338,4.234,302.9,484.6
57,1,4904,490.4,668.9,66.89,103.7,10.38,24.78,2.48,23.26,2.329,9.703,0.2192,6.93,0.202,8.862,0.4377,8.816,0.7374,6.22,0.8118,8.462,2.401,7.311,4.175,253.5,409.4
58,1,4962,496.2,674.6,67.46,104,10.4,24.79,2.482,23.26,2.328,9.736,0.2178,6.952,0.1963,8.976,0.4454,8.854,0.7437,6.199,0.8314,8.49,2.402,7.325,4.222,266.9,436.5
59,1,5951,595.1,768.4,76.84,101.6,10.17,23.96,2.4,19.48,1.953,10.15,0.204,7.179,0.227,9.482,0.465,0.4949,0.3998,-6.878,1.055,8.491,2.409,7.336,4.204,524.4,655.4
60,1,5305,530.5,706.3,70.63,104.7,10.47,25.02,2.505,22.48,2.251,9.969,0.2155,7.054,0.2099,9.794,0.5188,8.989,1.051,6.481,0.8778,8.485,2.407,7.331,4.199,357.1,590.8
61,1,4889,488.9,667.1,66.71,103.7,10.37,24.76,2.478,23.28,2.331,9.671,0.2201,6.899,0.2032,8.798,0.4329,8.829,0.7323,6.238,0.7982,8.462,2.401,7.311,4.175,248,377.1
62,1,4637,463.7,647.2,64.72,101.3,10.13,24.09,2.411,23.01,2.303,9.538,0.232,6.812,0.2113,8.154,0.3883,8.425,0.6433,6.351,0.7456,8.475,2.39,7.3,4.137,205.1,319.1
63,1,4656,465.6,648.6,64.86,101.4,10.14,24.14,2.416,23.03,2.305,9.568,0.2307,6.846,0.2119,8.241,0.3922,8.448,0.6441,6.378,0.7637,8.5,2.399,7.325,4.214,208.3,323.3
64,1,5735,573.5,740.9,74.09,100.7,10.07,23.51,2.355,19.6,1.964,9.92,0.2055,6.863,0.207,9.187,0.4677,7.389,1.314,6.78,0.9281,8.491,2.409,7.336,4.204,488.5,614.8
65,1,4788,478.8,658.9,65.9,102.9,10.29,24.44,2.446,23.2,2.322,9.609,0.2247,6.827,0.2093,8.519,0.4203,8.76,0.7008,6.36,0.7979,8.456,2.397,7.303,4.201,228.2,342.2
66,1,4510,451,634.6,63.46,98.98,9.899,23.59,2.361,22.64,2.266,9.494,0.2383,6.834,0.2163,7.757,0.3514,8.175,0.6447,6.666,0.7144,8.486,2.391,7.307,4.143,187.9,289.6
67,1,4626,462.6,646.4,64.64,101.1,10.11,24.05,2.407,23,2.302,9.546,0.2332,6.818,0.2112,8.196,0.3957,8.364,0.6446,6.343,0.7313,8.476,2.39,7.3,4.137,203,317.1
68,1,4800,480,660.1,66.02,103,10.31,24.5,2.452,23.2,2.322,9.605,0.2236,6.834,0.2085,8.528,0.4203,8.771,0.7041,6.312,0.7862,8.456,2.397,7.303,4.201,229.6,339.3
69,1,4538,453.8,637.6,63.76,99.49,9.95,23.73,2.375,22.75,2.277,9.51,0.2377,6.856,0.2159,7.8,0.3524,8.196,0.6374,6.683,0.7013,8.486,2.391,7.306,4.144,190.5,295
70,1,4827,482.7,662.4,66.24,103.3,10.33,24.56,2.458,23.25,2.327,9.649,0.2218,6.878,0.2053,8.674,0.4276,8.787,0.716,6.296,0.7745,8.457,2.397,7.303,4.201,236,362.3
71,1,5578,557.8,729.5,72.96,103.1,10.31,24.31,2.434,21.07,2.111,10.01,0.2109,7.015,0.2119,9.39,0.529,7.069,1.412,7.261,0.9916,8.491,2.409,7.336,4.204,435.3,615.7
72,1,5280,528,704.3,70.43,104.7,10.47,25,2.503,22.61,2.264,9.95,0.2146,7.044,0.211,9.745,0.5143,8.927,1.005,6.483,0.8999,8.485,2.407,7.331,4.199,348.9,582.8
73,1,4907,490.7,669.1,66.92,103.8,10.38,24.79,2.481,23.27,2.329,9.708,0.2188,6.937,0.2018,8.874,0.4377,8.823,0.7328,6.221,0.8141,8.457,2.397,7.303,4.201,254.2,411.2
74,2,0.6175,0.06454,nan,nan,nan,nan,nan,nan,nan,nan,1.902,0.07733,nan,nan,nan,nan,nan,nan,nan,nan,0.1711,0.3473,nan,0.04855,0.4178,3.2
75,1,5391,539.1,714.2,71.42,104.4,10.44,24.85,2.488,22.03,2.206,9.932,0.2173,7.016,0.2056,9.699,0.4951,8.816,0.9807,6.4,0.8101,8.492,2.41,7.338,4.221,381.7,607.1
76,1,5652,565.2,734.8,73.48,101.9,10.19,23.93,2.397,20.42,2.046,9.946,0.2052,6.968,0.2118,9.188,0.4607,7.311,1.241,7.144,0.8298,8.491,2.409,7.336,4.204,460.2,610
77,1,5450,545,719,71.9,103.9,10.39,24.73,2.476,21.73,2.177,9.952,0.2166,7.024,0.2067,9.838,0.5039,8.646,1.026,6.511,0.8253,8.492,2.409,7.336,4.204,402.5,623.5
78,1,5110,511,687.1,68.71,104.3,10.43,24.85,2.488,22.82,2.284,9.897,0.2159,7.003,0.2108,9.384,0.4799,8.906,0.8315,6.311,0.8847,8.501,2.407,7.338,4.234,305.3,482.7
79,1,5312,531.2,706.8,70.69,104.7,10.47,25.01,2.504,22.44,2.247,9.958,0.215,7.049,0.2103,9.8,0.5191,8.967,1.046,6.477,0.8673,8.485,2.407,7.331,4.199,359.5,593.6
80,1,4597,459.7,644.3,64.43,100.7,10.07,23.95,2.397,22.94,2.296,9.565,0.2347,6.844,0.2151,8.146,0.3895,8.268,0.6469,6.395,0.7468,8.477,2.39,7.301,4.137,199,313.4
81,1,4718,471.8,653.7,65.37,102.1,10.22,24.17,2.419,23.1,2.312,9.595,0.2286,6.824,0.2126,8.386,0.4172,8.625,0.7104,6.373,0.7992,8.467,2.397,7.308,4.202,217.2,346.2
82,1,2982,298.2,394.4,39.45,66.99,6.7,14.48,1.45,12.34,1.236,8.246,0.2895,5.325,0.254,6.601,0.345,5.928,0.4167,5.413,0.6467,8.331,2.438,7.31,4.243,106.9,165.1
83,1,4465,446.5,631.1,63.11,98.34,9.835,23.49,2.351,22.6,2.262,9.42,0.2372,6.837,0.2051,7.721,0.3435,8.301,0.6189,6.851,0.503,8.468,2.398,7.309,4.183,181.3,277.9
84,1,2997,299.7,395.6,39.56,67.26,6.727,14.55,1.457,12.37,1.24,8.236,0.2873,5.328,0.2541,6.598,0.3442,6.071,0.4072,5.131,0.5894,8.331,2.438,7.31,4.243,109.1,173.1
85,1,5294,529.4,705.3,70.54,104.6,10.46,25.03,2.506,22.56,2.259,9.941,0.216,7.021,0.2096,9.739,0.5159,8.971,1.033,6.429,0.8635,8.485,2.407,7.331,4.199,352.2,578.4
86,1,3570,357,489.7,48.97,84.86,8.487,19.86,1.987,18.18,1.82,9.255,0.2458,6.669,0.2646,7.289,0.3472,7.842,0.5037,5.996,0.5398,8.504,2.403,7.333,4.206,129.6,213.2
87,1,5076,507.6,684.2,68.43,104.3,10.43,24.86,2.488,22.93,2.296,9.872,0.2174,7.001,0.2124,9.258,0.4669,8.847,0.7986,6.281,0.8971,8.501,2.407,7.338,4.234,296.2,469.3
88,1,4912,491.2,669.5,66.95,103.8,10.38,24.82,2.484,23.27,2.329,9.702,0.2185,6.932,0.202,8.873,0.4384,8.782,0.7335,6.214,0.8054,8.491,2.402,7.325,4.222,255.1,408.4
89,1,5094,509.4,685.8,68.59,104.2,10.43,24.86,2.489,22.87,2.29,9.895,0.2185,7.011,0.2131,9.325,0.4747,8.831,0.7919,6.283,0.9166,8.501,2.407,7.338,4.234,301.6,480
90,2,0.4862,0.05191,nan,nan,nan,nan,nan,nan,0.007103,0.003044,2.95,0.1589,nan,nan,nan,nan,nan,nan,0.5991,0.1249,0.1899,0.307,nan,0.06203,0.4231,3.345
91,1,4891,489.1,667.4,66.74,103.7,10.37,24.76,2.478,23.31,2.333,9.682,0.2196,6.91,0.2029,8.825,0.4344,8.833,0.7339,6.235,0.804,8.462,2.401,7.311,4.175,249.2,383.4
92,1,844.8,84.48,137.7,13.78,12.78,1.279,3.429,0.3454,4.319,0.4341,5.667,0.3822,2.182,0.09966,7.441,0.684,3.734,0.8324,1.894,0.2308,1.077,3.961,3.324,0.9859,46.54,74.61
93,2,6.38,0.6387,0.3079,0.03849,0.1437,0.01655,nan,nan,nan,nan,2.884,0.1227,2.32,0.2339,2.112,0.09775,nan,nan,nan,nan,0.385,0.4481,0.4772,0.213,1.185,7.418
94,1,4673,467.3,649.9,64.99,101.6,10.16,24.17,2.419,23.08,2.311,9.599,0.2289,6.879,0.2125,8.329,0.3954,8.486,0.6585,6.425,0.7803,8.467,2.397,7.307,4.202,211.2,324.3
95,1,4816,481.6,661.3,66.14,103.1,10.31,24.53,2.456,23.21,2.323,9.638,0.223,6.867,0.2086,8.633,0.4265,8.801,0.7136,6.323,0.7948,8.457,2.397,7.303,4.201,233.8,354.7
96,1,4895,489.5,667.9,66.79,103.7,10.37,24.74,2.476,23.27,2.33,9.695,0.2196,6.919,0.2022,8.833,0.4359,8.831,0.7342,6.226,0.8061,8.462,2.401,7.311,4.175,251.8,400.7
97,1,4533,453.3,637.3,63.73,99.42,9.943,23.7,2.373,22.72,2.274,9.504,0.2376,6.849,0.2163,7.782,0.3514,8.185,0.64,6.688,0.7211,8.486,2.391,7.306,4.144,189.9,295.4
98,1,5406,540.6,715.3,71.53,104.4,10.44,24.83,2.486,21.97,2.2,9.919,0.2176,6.998,0.2049,9.723,0.4992,8.782,0.9795,6.41,0.8383,8.493,2.409,7.336,4.204,386.4,608.7
99,2,0.9012,0.0921,nan,nan,nan,nan,nan,nan,nan,nan,1.752,0.05045,nan,nan,nan,nan,nan,nan,nan,nan,0.1884,0.2003,nan,0.01112,0.3755,2.909
100,1,4492,449.2,633.2,63.33,98.7,9.871,23.53,2.355,22.61,2.263,9.434,0.2391,6.841,0.2056,7.728,0.3474,8.279,0.6209,6.834,0.5072,8.473,2.401,7.317,4.16,185.6,288.1
101,1,4966,496.6,675,67.5,104,10.4,24.79,2.482,23.24,2.327,9.741,0.2179,6.957,0.1962,8.995,0.4469,8.862,0.7474,6.204,0.837,8.49,2.402,7.325,4.222,268.2,441.7
102,1,5636,563.6,733.7,73.37,102.2,10.22,24.05,2.408,20.59,2.063,9.951,0.2047,6.977,0.2092,9.193,0.4573,7.328,1.219,7.183,0.8212,8.491,2.409,7.336,4.204,455.2,617
103,1,5013,501.3,678.7,67.87,104.2,10.42,24.89,2.492,23.18,2.321,9.834,0.2173,6.987,0.2147,9.147,0.4597,8.823,0.7733,6.162,0.8527,8.49,2.402,7.325,4.222,280,458
104,1,5581,558.1,729.8,72.98,103,10.31,24.33,2.436,21.08,2.112,9.974,0.2058,7.009,0.2098,9.112,0.4865,7.066,1.411,7.177,0.9074,8.491,2.409,7.336,4.204,435.5,614.9
105,1,4898,489.8,668.1,66.81,103.7,10.37,24.75,2.478,23.27,2.329,9.693,0.2196,6.917,0.2016,8.842,0.4376,8.807,0.7372,6.206,0.798,8.462,2.401,7.311,4.175,252.8,405.2
106,1,5112,511.2,687.2,68.72,104.4,10.44,24.84,2.487,22.81,2.284,9.888,0.2167,6.984,0.211,9.394,0.4771,8.789,0.8335,6.272,0.8813,8.501,2.407,7.338,4.234,305.4,483.2
107,2,0.619,0.06489,nan,nan,0.02589,0.004958,nan,nan,nan,nan,1.884,0.06236,nan,nan,0.8381,0.103,nan,nan,nan,nan,0.3111,0.1654,nan,0.151,0.4231,3.054
108,1,5452,545.2,719.1,71.92,103.9,10.39,24.72,2.476,21.71,2.174,9.952,0.2166,7.024,0.2066,9.843,0.5048,8.67,1.032,6.504,0.8267,8.492,2.409,7.336,4.204,403.2,624.1
109,1,112.8,11.28,14.1,1.413,0.1361,0.01699,nan,nan,nan,nan,2.191,0.08164,1.642,0.06105,4.828,0.8803,nan,nan,nan,nan,0.5767,0.8381,1.024,0.4307,11.8,41.6
110,1,110.6,11.06,13.78,1.381,0.101,0.01312,nan,nan,nan,nan,2.23,0.08628,1.663,0.07434,1.28,0.1971,nan,nan,nan,nan,0.5726,0.8389,1.02,0.2771,9.429,26.47
111,2,1.973,0.1984,0.1219,0.01884,nan,nan,nan,nan,nan,nan,1.936,0.05251,1.56,0.1333,nan,nan,nan,nan,nan,nan,0.2398,0.1386,nan,0.06472,0.4865,3.636
112,2,3.471,0.3488,0.3155,0.03933,0.06126,0.008648,nan,nan,nan,nan,3.327,0.1821,3.261,0.4346,1.512,0.1497,nan,nan,nan,nan,0.4339,0.1982,nan,2.3,0.9572,4.945
113,1,2666,266.6,330.6,33.06,62.88,6.289,12.85,1.287,10.63,1.065,7.939,0.2788,5.745,0.2559,5.939,0.2616,5.781,0.3384,5.682,0.522,2.11,5.17,5.347,2.201,98.82,157.2
114,1,2651,265.1,329.5,32.95,62.51,6.252,12.77,1.279,10.6,1.063,7.563,0.2839,5.503,0.2493,5.076,0.2123,6.003,0.4626,5.519,0.4436,2.111,5.173,5.351,2.123,97.75,158.4
115,1,2622,262.2,327.6,32.76,62.09,6.21,12.69,1.271,10.57,1.059,7.622,0.2872,5.589,0.2552,5.081,0.2174,5.948,0.4532,5.694,0.4246,2.107,5.184,5.351,2.083,94.39,152.1
116,1,2197,219.7,272.3,27.23,56.48,5.649,11.55,1.157,8.923,0.8944,7.543,0.2963,4.669,0.1546,5.301,0.2161,5.369,0.3443,4.466,0.3838,2.107,5.184,5.351,2.084,64.78,95.56
117,1,4563,456.3,640.3,64.03,99.76,9.977,23.73,2.375,22.8,2.282,9.488,0.2381,6.832,0.2145,7.756,0.3523,8.171,0.6385,6.609,0.6954,8.478,2.39,7.301,4.137,194.6,307.9
118,1,4541,454.1,637.9,63.79,99.57,9.958,23.74,2.377,22.76,2.278,9.507,0.2374,6.845,0.2161,7.808,0.3533,8.216,0.6406,6.682,0.7028,8.486,2.391,7.306,4.144,191.1,297.7
119,1,807.3,80.73,135.4,13.54,12.21,1.222,3.172,0.3195,4.174,0.4195,5.269,0.3078,2.268,0.09578,5.934,0.5138,0.3804,1.21,1.931,0.2185,1.062,3.952,3.296,0.7438,40.74,66.18
120,2,5.205,0.5212,0.1639,0.0238,0.06713,0.008834,0.02159,0.00467,nan,nan,3.434,0.2068,1.498,0.1118,1.087,0.09104,0.3874,0.4584,nan,nan,0.3246,0.3972,0.3354,0.2249,0.8462,5.381
121,1,5510,551,724.4,72.44,103.4,10.34,24.54,2.458,21.27,2.131,10.01,0.2118,7,0.2077,9.704,0.5765,7.211,1.405,6.287,0.8761,8.492,2.409,7.336,4.204,419.7,613.8
122,2,1.478,0.1501,0.1012,0.0178,nan,nan,nan,nan,nan,nan,2.529,0.0804,2.719,0.2263,nan,nan,nan,nan,nan,nan,0.1882,0.2744,nan,0.1085,0.8726,6.254
123,1,2081,208.1,264.6,26.46,54.22,5.423,11.09,1.111,8.749,0.8768,7.637,0.3238,4.885,0.1739,5.342,0.2103,5.618,0.3203,4.787,0.4055,2.14,5.187,5.395,2.375,58.15,90.61
124,1,2109,210.9,266.4,26.64,54.74,5.475,11.2,1.121,8.797,0.8817,7.673,0.3056,4.933,0.1729,5.351,0.2031,5.739,0.3065,4.753,0.3982,2.143,5.165,5.387,2.305,59.62,91.05
125,1,2022,202.2,261,26.1,53.12,5.313,10.86,1.088,8.645,0.8664,7.831,0.34,5.072,0.1924,5.475,0.2183,5.701,0.3312,5.539,0.4665,2.139,5.182,5.391,2.231,54.95,92.36
126,1,2006,200.6,260,26,52.85,5.286,10.83,1.085,8.608,0.8627,7.937,0.3514,5.149,0.1995,5.595,0.2335,5.832,0.3614,5.978,0.5096,2.139,5.182,5.39,2.235,53.81,88.14
127,1,403.7,40.37,53.72,5.374,5.264,0.5284,1.071,0.1109,1.603,0.1634,5.611,0.2303,4.596,0.1248,5.418,0.3178,5.265,0.8484,2.36,0.2959,0.7199,1.889,1.834,0.5122,27.79,63.56
128,1,391.5,39.15,52.53,5.255,5.155,0.5175,1.036,0.1072,1.575,0.1605,5.618,0.2321,4.588,0.1239,5.425,0.317,5.253,0.8964,2.404,0.3064,0.7195,1.889,1.834,0.5024,26.03,58.9
129,1,324.7,32.47,44.4,4.442,4.311,0.4329,0.8919,0.09245,1.317,0.1344,5.665,0.2405,4.626,0.1579,5.48,0.2943,5.84,1.068,4.798,0.5298,0.7022,1.876,1.803,0.5047,20.18,57.89
130,1,337.9,33.79,47.01,4.703,4.438,0.4457,0.9139,0.09471,1.37,0.1398,5.655,0.2379,4.531,0.1291,5.485,0.3069,5.928,1.064,4.581,0.5151,0.7111,1.883,1.82,0.3542,21.15,59.34
131,2,14.57,1.457,0.6141,0.0681,0.2137,0.02353,nan,nan,nan,nan,4.384,0.1801,4.578,0.2674,4.265,0.2395,nan,nan,nan,nan,0.2709,0.3708,0.193,0.05354,1.142,5.527
132,1,5580,558,729.7,72.97,103.1,10.31,24.33,2.437,21.09,2.113,10,0.2107,7.012,0.2117,9.374,0.5277,7.08,1.415,7.332,1.002,8.491,2.409,7.336,4.204,435.3,616
133,2,0.438,0.0464,nan,nan,nan,nan,nan,nan,nan,nan,2.19,0.08966,nan,nan,nan,nan,nan,nan,nan,nan,0.1529,0.1994,nan,0.01356,0.2433,2.473
134,2,1.253,0.1272,nan,nan,nan,nan,nan,nan,nan,nan,1.942,0.06667,nan,nan,nan,nan,nan,nan,nan,nan,0.2833,0.2129,nan,0.07522,0.788,4.8
135,1,1465,146.5,210.1,21.01,42.89,4.289,9.106,0.9121,6.925,0.6941,8.073,0.3877,5.515,0.2262,5.864,0.222,6.359,0.4179,6.548,0.6046,2.483,4.195,5.225,1.789,35.88,81.59
136,1,486.4,48.64,61.06,6.107,12.32,1.233,2.644,0.266,2.622,0.2637,7.896,0.5102,3.267,0.2539,4.464,0.3463,4.986,0.6573,2.41,0.2935,1.303,2.148,2.678,0.9163,11.31,32.87
137,1,445.1,44.51,55.99,5.6,11.38,1.139,2.456,0.2471,2.467,0.2482,7.9,0.5082,3.259,0.2599,4.32,0.3325,4.985,0.6535,2.411,0.2918,1.309,2.145,2.682,0.6747,9.879,28.07
138,1,174.8,17.48,24.17,2.419,2.317,0.2335,0.5851,0.06137,0.8682,0.08929,5.473,0.2471,4.433,0.1828,5.433,0.2832,4.839,0.7366,4.593,0.3932,0.4713,0.982,0.9974,0.5804,10.67,33.6
139,1,131.5,13.15,19.29,1.931,1.888,0.1904,0.4981,0.05244,0.7233,0.07458,5.426,0.2433,4.289,0.186,5.233,0.2703,4.973,0.7313,3.875,0.3849,0.4666,0.9799,0.9899,0.5772,6.69,21.67
140,2,6.001,0.6004,0.6151,0.06432,0.08405,0.01033,nan,nan,nan,nan,1.336,0.06771,1.275,0.07981,1.416,0.08598,nan,nan,nan,nan,0.2773,0.5051,0.3766,0.2055,0.7615,4.654
141,2,0.6613,0.06849,nan,nan,nan,nan,nan,nan,nan,nan,2.06,0.08259,nan,nan,nan,nan,nan,nan,nan,nan,0.2307,0.2092,nan,0.03084,0.5024,3.345
142,2,1.566,0.1641,nan,nan,0.03153,0.007201,nan,nan,nan,nan,4.284,0.276,nan,nan,1.339,0.4901,nan,nan,nan,nan,0.2541,1.248,0.7809,1.341,3.728,25.89
143,1,6.963,0.6998,0.3943,0.05165,nan,nan,nan,nan,nan,nan,3.144,0.1451,0.233,2.274e+04,nan,nan,nan,nan,nan,nan,0.2155,0.1516,nan,0.03691,7.758,50.47
144,1,103.5,10.35,12.93,1.295,0.09526,0.01191,nan,nan,nan,nan,2.407,0.06917,1.771,0.06351,1.939,0.1683,nan,nan,nan,nan,0.5722,0.8393,1.02,0.2736,6.304,17.16
145,2,0.5253,0.05947,0.1154,0.01921,nan,nan,nan,nan,nan,nan,2.987,0.1343,1.579,0.1487,nan,nan,nan,nan,nan,nan,0.1579,0.5325,nan,2.054,1.264,10.76
146,2,56.62,5.663,3.734,0.3752,0.7383,0.07478,0.1726,0.0196,0.2243,0.02463,5.04,0.265,5.566,0.4666,5.068,0.2906,3.882,0.3186,5.712,0.5805,0.5766,0.3043,0.4852,0.249,1.153,6.254
147,2,2.774,0.2778,0.1975,0.02431,0.02268,0.004191,nan,nan,nan,nan,1.609,0.06507,1.382,0.03756,1.86,0.2454,nan,nan,nan,nan,0.1807,0.2642,nan,0.07657,0.3226,2.618
148,1,5.78,0.5785,0.3189,0.03766,0.05862,0.008056,nan,nan,nan,nan,3.88,0.2656,2.085,0.1534,2.836,0.2412,nan,nan,nan,nan,0.216,0.5808,0.3215,0.4206,0.6928,5.381
149,1,115.1,11.51,17.72,1.773,1.658,0.1673,0.4439,0.04697,0.6869,0.07084,5.168,0.2477,4.086,0.1923,5.052,0.2795,5.055,0.7562,4.252,0.3578,0.4574,0.9796,0.9777,0.5972,5.225,17.02
150,2,3.268,0.3276,0.1592,0.02318,nan,nan,nan,nan,nan,nan,2.18,0.1593,2.112,0.2032,nan,nan,nan,nan,nan,nan,0.1875,0.6683,0.3208,0.422,0.9625,6.4
151,2,34.37,3.437,3.872,0.3897,0.3057,0.03303,0.05424,0.009039,nan,nan,2.3,0.1097,2.041,0.1526,2.275,0.1331,0.8665,0.1018,nan,nan,0.4213,1.111,1.004,0.2132,3.226,11.49
152,2,2.014,0.2039,0.08912,0.01804,nan,nan,nan,nan,nan,nan,3.512,0.1548,0.9297,0.2308,nan,nan,nan,nan,nan,nan,0.2088,0.3859,nan,0.1419,1.55,13.82
153,2,20.07,2.007,2.286,0.233,0.1731,0.02027,nan,nan,nan,nan,3.054,0.1327,1.429,0.08134,1.734,0.4829,nan,nan,nan,nan,0.923,0.283,0.6797,0.456,3.21,11.78
154,2,0.7048,0.07254,0.1936,0.02473,0.04009,0.006004,0.0123,0.003392,nan,nan,1.8,0.06035,1.539,0.02902,1.253,0.04977,0.948,0.1351,nan,nan,0.1789,0.2216,nan,0.02202,0.3649,2.763
155,1,28.19,2.82,3.534,0.3566,0.8817,0.0895,0.204,0.02299,0.1333,0.01613,2.556,0.05898,1.585,0.03463,2.315,0.07761,1.986,0.2148,2.284,0.2384,0.6487,1.071,1.268,0.3205,3.824,15.71
156,2,1.758,0.1774,0.4532,0.04927,nan,nan,nan,nan,nan,nan,2.135,0.1423,0.881,0.04517,nan,nan,nan,nan,nan,nan,0.1732,0.2114,nan,0.01989,0.7087,4.218
157,1,82.85,8.286,14.2,1.421,1.2,0.1213,0.28,0.03052,0.522,0.05418,4.36,0.2279,3.779,0.1799,4.516,0.3169,0.9719,0.1752,4.267,0.358,0.4482,0.9741,0.962,0.5876,4.009,13.53
158,2,50.03,5.003,10.43,1.044,0.7856,0.07964,0.1673,0.01902,0.3232,0.03416,2.918,0.132,2.303,0.0694,2.716,0.09738,3.515,0.5457,1.79,0.06313,0.4143,0.8094,0.8112,0.3171,2.729,10.91
159,2,4.588,0.4592,0.2791,0.0329,0.05663,0.007771,nan,nan,0.01183,0.003253,2.785,0.1177,2.078,0.1649,2.958,0.3178,nan,nan,2.331,0.5303,0.2073,0.2492,nan,0.05045,0.3385,2.763
160,2,0.5832,0.06021,nan,nan,nan,nan,nan,nan,nan,nan,1.728,0.09548,nan,nan,nan,nan,nan,nan,nan,nan,0.2888,0.1857,nan,0.1355,0.3543,3.054
161,1,788,78.8,134.2,13.42,11.92,1.193,3.069,0.3092,4.096,0.4116,4.726,0.2231,2.335,0.1029,5.448,0.485,0.6001,0.3143,1.934,0.2414,0.8984,4.021,3.052,2.308,38.62,62.98
162,1,761.9,76.19,131.9,13.19,11.42,1.144,2.957,0.2979,3.997,0.4017,4.837,0.2387,2.449,0.1218,5.428,0.5043,0.6263,0.2837,1.869,0.2441,0.9012,4.029,3.06,2.373,36.44,60.36
163,1,734.8,73.48,129.7,12.97,11.04,1.105,2.835,0.2856,3.879,0.3898,4.902,0.238,2.551,0.1238,5.437,0.495,5.049,0.7269,1.878,0.2553,0.9032,4.036,3.067,2.539,33.81,60.65
164,1,700.6,70.06,126.7,12.67,10.6,1.061,2.682,0.2703,3.752,0.377,4.956,0.2371,2.629,0.1195,5.456,0.4905,4.897,0.6917,1.958,0.2708,0.9038,4.032,3.066,2.615,30.9,62.1
165,1,122.4,12.24,17.6,1.762,1.642,0.1659,0.2435,0.02786,0.3448,0.0374,3.139,0.1436,2.74,0.1208,2.152,0.06136,3.399,0.526,1.238,0.1196,1.528,0.4268,1.223,0.6741,7.129,19.78
166,2,5.438,0.5443,0.5688,0.06066,nan,nan,nan,nan,nan,nan,2.046,0.1022,0.954,0.03314,nan,nan,nan,nan,nan,nan,0.2909,0.2253,nan,0.03506,0.9731,4.8
167,2,0.3982,0.04255,0.06026,0.01188,nan,nan,nan,nan,nan,nan,1.859,0.09058,0.9676,0.08238,nan,nan,nan,nan,nan,nan,0.1562,0.2227,nan,0.05313,0.275,2.473
168,1,24.3,2.43,3.199,0.3228,0.7819,0.07941,0.1817,0.02056,0.1155,0.01428,2.274,0.06892,1.517,0.028,2.07,0.05266,1.775,0.07696,1.858,0.1925,1.074,0.6436,1.264,0.3228,2.983,12.36
169,2,3.958,0.3965,0.3413,0.03877,0.1428,0.01575,0.05351,0.007545,nan,nan,1.845,0.0627,1.243,0.009321,1.577,0.05448,2.104,0.1595,nan,nan,0.3894,0.1951,nan,0.3934,0.6135,3.782
170,2,3.018,0.3021,0.2201,0.02596,0.06659,0.007888,0.005365,0.002193,nan,nan,1.659,0.07747,1.717,0.09727,1.382,0.07437,0.2691,403.9,nan,nan,0.232,0.1957,nan,0.02413,0.2803,2.327
171,2,0.5213,0.05407,0.04194,0.009355,nan,nan,nan,nan,nan,nan,1.392,0.08032,0.2581,155.9,nan,nan,nan,nan,nan,nan,0.4404,0.208,0.1174,0.6024,0.4442,3.927
172,2,3.975,0.3988,0.4656,0.05093,nan,nan,nan,nan,nan,nan,1.141,0.04097,0.806,0.01881,nan,nan,nan,nan,nan,nan,0.3134,0.2072,nan,0.1127,1.174,7.272
173,2,63.11,6.312,13.9,1.391,nan,nan,nan,nan,nan,nan,2.443,0.04294,1.579,0.02832,nan,nan,nan,nan,nan,nan,0.2792,0.413,0.2767,0.2611,5.14,19.49
174,2,0.5151,0.05336,0.08532,0.01431,nan,nan,nan,nan,nan,nan,1.369,0.02741,0.9653,0.08872,nan,nan,nan,nan,nan,nan,0.1814,0.2033,nan,0.01964,0.312,2.618
175,2,0.4862,0.0509,0.06725,0.01202,nan,nan,nan,nan,nan,nan,1.463,0.03904,1.083,0.08047,nan,nan,nan,nan,nan,nan,0.2229,0.1928,nan,0.009659,0.3385,2.618
176,2,1.948,0.1954,0.1739,0.02266,0.04439,0.006131,nan,nan,nan,nan,1.237,0.03921,1.246,0.05068,0.758,0.03869,nan,nan,nan,nan,0.2383,0.2058,nan,0.02003,0.4231,2.909
177,2,296.3,29.63,31.61,3.162,4.638,0.4649,0.5791,0.06074,1.183,0.1204,3.983,0.1484,3.551,0.1463,3.335,0.09639,4.726,0.6117,2.751,0.137,1.851,0.5186,1.519,0.7762,8.901,21.67
178,2,2.845,0.2851,0.1143,0.01789,0.03443,0.00541,nan,nan,nan,nan,2.785,0.165,2.219,0.159,0.8279,0.07418,nan,nan,nan,nan,0.3456,0.1718,nan,0.0826,0.3596,2.909
179,2,1.96,0.1968,0.4274,0.04548,nan,nan,nan,nan,nan,nan,1.115,0.02078,0.8675,0.01579,nan,nan,nan,nan,nan,nan,0.1842,0.2915,nan,0.1248,0.476,3.054
180,2,27.25,2.725,4.296,0.4307,0.3471,0.036,0.07521,0.009847,0.09572,0.01176,2.394,0.1331,2.398,0.1433,2.2,0.09354,2.558,0.2063,1.4,0.08113,0.4858,0.3393,0.4553,0.1088,1.327,6.545
181,1,15.09,1.51,2.432,0.2457,nan,nan,nan,nan,nan,nan,1.664,0.02688,1.239,0.01854,nan,nan,nan,nan,nan,nan,0.2727,0.3745,0.204,0.1877,2.205,11.05
182,2,14.08,1.409,2.322,0.2343,nan,nan,nan,nan,nan,nan,1.556,0.0126,1.187,0.02265,nan,nan,nan,nan,nan,nan,0.2726,0.3744,0.2038,0.188,1.55,7.127
183,2,1.783,0.1794,0.1286,0.01908,nan,nan,nan,nan,nan,nan,2.101,0.1044,2.166,0.19,nan,nan,nan,nan,nan,nan,0.2964,0.07905,nan,0.09465,0.6663,5.236
184,2,3.438,0.3441,0.3522,0.03781,nan,nan,nan,nan,nan,nan,1.027,0.04668,1.024,0.05196,nan,nan,nan,nan,nan,nan,0.1996,0.4907,0.175,0.6347,0.4389,3.927
185,1,19.21,1.921,2.768,0.2791,0.6027,0.06133,0.1147,0.01366,0.1065,0.01309,1.746,0.05384,1.27,0.0387,1.495,0.05987,1.073,0.04956,1.44,0.09776,0.547,0.8253,0.9822,0.3985,2.168,9.454
186,2,6.413,0.6416,1.2,0.1214,0.1907,0.02,0.02559,0.004509,0.0213,0.004327,1.186,0.03191,1.008,0.02193,1.138,0.03646,0.7607,0.03426,0.6735,0.02106,0.2342,0.2535,nan,0.02673,0.5976,3.782
187,2,2.708,0.2712,0.3378,0.03684,0.08013,0.009213,nan,nan,nan,nan,0.999,0.04054,0.9302,0.03063,0.6482,0.03573,nan,nan,nan,nan,0.2328,0.2537,nan,0.0228,0.4231,2.763
188,1,639.3,63.93,120.6,12.07,9.702,0.9712,2.423,0.2442,3.465,0.3482,4.209,0.15,2.615,0.0904,3.846,0.2105,3.043,0.1975,2.866,0.2322,0.9131,4.015,3.076,2.85,26.71,55.56
189,1,649.2,64.92,121.9,12.19,9.798,0.9808,2.453,0.2473,3.51,0.3528,4.22,0.151,2.646,0.09194,3.863,0.2115,3.079,0.2026,2.858,0.2288,0.9128,4.027,3.08,2.774,27.67,61.52
190,2,23.02,2.302,2.51,0.2526,0.2718,0.02868,0.07374,0.00989,0.1363,0.01561,3.289,0.1565,3.009,0.1206,3.518,0.267,1.01,0.152,3.562,0.3341,0.2786,0.3274,0.1132,0.1402,0.8091,4.363
191,2,0.8031,0.08155,nan,nan,nan,nan,nan,nan,nan,nan,1.685,0.08676,nan,nan,nan,nan,nan,nan,nan,nan,0.1628,0.2799,nan,0.07705,0.312,2.763
192,2,0.8566,0.08765,0.09691,0.01667,nan,nan,nan,nan,nan,nan,2.282,0.1365,1.434,0.07411,nan,nan,nan,nan,nan,nan,0.3633,0.2091,nan,0.3956,0.5923,4.509
193,1,30.06,3.007,3.885,0.3925,nan,nan,nan,nan,nan,nan,2.778,0.1561,1.019,0.07526,nan,nan,nan,nan,nan,nan,0.5394,1.271,1.258,0.3757,7.42,31.85
194,1,27.57,2.758,3.762,0.3798,nan,nan,nan,nan,nan,nan,2.712,0.1363,1.27,0.09802,nan,nan,nan,nan,nan,nan,0.5389,1.271,1.258,0.3349,5.363,19.49
195,2,2.406,0.2413,0.1718,0.02229,nan,nan,nan,nan,nan,nan,1.328,0.02307,1.03,0.03258,nan,nan,nan,nan,nan,nan,0.2163,0.1513,nan,0.02789,0.3913,3.491
196,1,72.42,7.242,9.617,0.9628,0.01608,0.003165,nan,nan,nan,nan,2.124,0.05782,1.901,0.07018,1.609,0.1347,nan,nan,nan,nan,0.5667,0.8234,1.002,0.4183,2.48,10.47
197,2,8.753,0.8755,1.366,0.1377,nan,nan,nan,nan,nan,nan,2.143,0.07802,1.807,0.05913,nan,nan,nan,nan,nan,nan,0.306,0.1174,nan,0.14,0.3596,3.054
198,2,61.81,6.181,8.041,0.805,0.01437,0.002947,nan,nan,nan,nan,1.847,0.03486,1.486,0.01773,1.612,0.1313,nan,nan,nan,nan,0.6388,0.3133,0.5483,0.09295,1.988,7.563
199,1,858.3,85.83,138.6,13.86,27.55,2.756,5.801,0.5814,3.985,0.4,5.73,0.2268,4.839,0.1784,5.109,0.2237,5.346,0.3924,3.125,0.2274,1.178,4.313,3.632,3.292,20.36,49.31
200,1,846.9,84.69,137,13.7,27.23,2.724,5.732,0.5745,3.946,0.396,5.757,0.2329,4.777,0.1686,5.115,0.2233,5.289,0.3785,2.875,0.2074,1.176,4.312,3.629,3.3,20.17,50.47
201,1,651.6,65.16,112.3,11.23,21.85,2.186,4.623,0.4635,3.493,0.3505,5.632,0.2496,4.741,0.1854,5.046,0.235,4.672,0.3417,2.67,0.1975,0.9132,2.899,2.601,1.628,15.04,42.32
202,1,31.45,3.145,4.001,0.4012,0.7769,0.07826,0.1066,0.01276,0.02872,0.00552,2.409,0.1373,2.281,0.1265,2.432,0.1649,2.369,0.2986,3.5,0.7735,0.3143,0.8837,0.7111,0.6331,1.645,10.76
203,2,8.98,0.8981,0.9413,0.09517,0.1862,0.01916,0.02352,0.004019,nan,nan,0.9876,0.04081,0.9624,0.03485,0.9314,0.03584,0.4574,0.05301,nan,nan,0.2257,0.4303,0.1686,0.329,0.4601,3.345
204,2,5.122,0.5124,0.9339,0.09439,0.1525,0.01587,0.03109,0.004539,0.02329,0.00406,1.287,0.04899,1.079,0.02335,1.082,0.0225,0.6866,0.03059,0.9367,0.01957,0.2521,0.2005,nan,0.04951,0.3279,2.618
205,2,10.35,1.035,1.337,0.1361,0.3367,0.03462,0.06952,0.008723,0.06934,0.009014,1.516,0.06101,1.206,0.05131,1.153,0.0441,0.5568,0.04628,1.046,0.05245,0.6623,0.2195,0.395,0.2587,1.19,6.254
206,2,25.7,2.57,4.286,0.4295,0.3348,0.03469,0.01186,0.003951,0.04451,0.006782,1.364,0.06892,1.439,0.09376,1.067,0.03208,0.3617,0.5151,0.4535,0.1411,0.9434,0.3403,0.7875,0.2181,1.65,7.418
207,2,7.75,0.7755,1.477,0.1499,nan,nan,nan,nan,nan,nan,1.289,0.02136,1.013,0.01376,nan,nan,nan,nan,nan,nan,0.2422,0.4463,0.2396,0.375,1.238,6.254
208,1,2.787,0.2808,0.4565,0.05257,nan,nan,nan,nan,nan,nan,3.062,0.2009,2.017,0.1764,nan,nan,nan,nan,nan,nan,0.2917,0.1842,nan,0.1386,2.152,12.94
209,2,1.022,0.1038,0.04959,0.01186,nan,nan,nan,nan,nan,nan,1.965,0.09561,0.673,0.0601,nan,nan,nan,nan,nan,nan,0.2355,0.1804,nan,0.02019,0.4813,3.491
210,2,13.22,1.323,1.736,0.1768,nan,nan,nan,nan,nan,nan,2.483,0.1126,2.137,0.1653,nan,nan,nan,nan,nan,nan,0.5296,0.2796,0.4039,0.3453,1.661,8.29
211,1,296.2,29.62,62.51,6.252,3.822,0.3835,1.56,0.158,1.668,0.1685,4.311,0.144,2.198,0.08952,2.194,0.1264,6.081,0.7521,1.702,0.2588,1.716,0.5333,1.48,1.169,10.55,26.62
212,2,7.397,0.7401,1.548,0.1563,0.09387,0.01114,0.01878,0.003992,0.02513,0.004818,1.942,0.1066,1.076,0.02538,1.844,0.1403,0.2448,8398,-0.9995,0.2615,0.2713,0.3106,nan,0.258,0.7192,4.218
213,2,0.9806,0.09993,0.03186,0.009791,nan,nan,0.003641,0.002433,nan,nan,2.393,0.1314,0.2544,3650,nan,nan,0.7079,0.07976,nan,nan,0.156,0.2978,nan,0.08903,0.6399,4.945
214,2,8.525,0.8528,2.174,0.2185,0.06189,0.008353,nan,nan,0.03465,0.005859,1.43,0.03428,1.071,0.008765,1.053,0.08462,nan,nan,0.8521,0.05365,0.3284,0.2575,nan,0.263,0.7298,3.927
215,2,0.9748,0.1004,nan,nan,nan,nan,nan,nan,nan,nan,1.918,0.0888,nan,nan,nan,nan,nan,nan,nan,nan,0.2166,0.2512,nan,0.01521,1.2,6.836
216,2,0.4437,0.04667,nan,nan,nan,nan,nan,nan,nan,nan,1.786,0.115,nan,nan,nan,nan,nan,nan,nan,nan,0.234,0.166,nan,0.07195,0.5394,4.945
217,2,3.176,0.3209,0.2775,0.03682,nan,nan,nan,nan,nan,nan,1.142,0.06716,0.8935,0.0911,nan,nan,nan,nan,nan,nan,0.273,0.2439,nan,0.03162,4.04,24.58
218,2,0.3217,0.03514,0.06588,0.01218,nan,nan,nan,nan,nan,nan,1.954,0.1048,0.7988,0.03976,nan,nan,nan,nan,nan,nan,0.129,0.1748,nan,0.01061,0.2591,2.327
219,2,12.05,1.205,1.841,0.185,0.3196,0.03244,0.04144,0.00607,nan,nan,1.686,0.08322,1.546,0.05626,1.503,0.04525,1.79,0.1304,nan,nan,0.6533,0.1606,0.2216,0.2655,0.6452,5.381
220,1,59.51,5.953,8.615,0.8664,0.5313,0.05811,0.3766,0.04352,0.1065,0.02203,5.196,0.4116,1.596,0.1855,1.502,0.2706,2.389,0.6593,0.3019,7.588,0.3782,0.2663,0.1947,0.2923,23.79,90.61
221,2,3.974,0.3997,0.3463,0.04402,nan,nan,nan,nan,nan,nan,6.086,0.327,2.566,0.223,nan,nan,nan,nan,nan,nan,0.2708,0.5164,0.3759,0.3307,2.38,17.31
222,1,568.9,56.89,93.89,9.39,17.53,1.754,5.296,0.5309,5.796,0.5807,6.612,0.2128,5.219,0.1625,5.221,0.1934,6.441,0.4969,4.69,0.225,0.5429,0.4214,0.6134,0.1485,20.23,42.91
223,1,541.6,54.16,91.45,9.146,16.95,1.695,5.109,0.5122,5.654,0.5664,6.196,0.1745,4.93,0.1194,5.04,0.1503,6.605,0.545,4.619,0.1981,0.5412,0.4199,0.6102,0.1348,17.02,38.4
224,2,0.6326,0.06539,nan,nan,nan,nan,nan,nan,nan,nan,1.575,0.06187,nan,nan,nan,nan,nan,nan,nan,nan,0.1977,0.2457,nan,0.05518,0.3913,3.491
225,2,1.527,0.155,0.1697,0.02473,0.0152,0.004227,nan,nan,nan,nan,3.366,0.1778,1.809,0.3892,0.7444,0.05163,nan,nan,nan,nan,0.4779,0.3169,0.4147,0.3464,1.068,6.981
226,1,5207,520.7,698.6,69.87,104.9,10.49,25,2.503,22.89,2.292,9.943,0.2168,7.074,0.2104,9.553,0.4857,8.776,0.8915,6.362,0.9103,8.493,2.41,7.339,4.221,327.4,557.6
227,2,20.83,2.083,1.73,0.1781,0.2849,0.03059,nan,nan,0.004366,0.00685,2.279,0.1049,2.542,0.1902,1.587,0.1025,nan,nan,-0.2405,4383,0.3312,0.7782,0.673,0.498,3.654,13.38
228,2,3.194,0.3199,0.2257,0.02797,0.04106,0.006294,nan,nan,nan,nan,1.294,0.0527,1.13,0.03279,1.213,0.04836,nan,nan,nan,nan,0.2219,0.4909,0.2442,0.4233,0.6769,4.363
229,1,2.139,0.2159,0.2602,0.03337,nan,nan,nan,nan,nan,nan,2.648,0.1572,1.677,0.1386,nan,nan,nan,nan,nan,nan,0.2355,0.1804,nan,0.02019,1.719,11.93
230,1,45.31,4.532,6.317,0.6351,nan,nan,nan,nan,nan,nan,3.009,0.1566,1.823,0.09395,nan,nan,nan,nan,nan,nan,1.638,1.266,2.292,0.3432,9.731,43.2
231,2,93.08,9.309,14.03,1.404,2.512,0.2516,0.4375,0.04509,0.197,0.02167,2.522,0.06702,2.131,0.06457,1.98,0.04443,1.668,0.1171,1.577,0.1493,0.3716,0.3206,0.2943,0.02021,2.1,9.745
232,1,589.8,58.98,105,10.5,20.17,2.018,4.301,0.4311,3.368,0.338,4.653,0.1845,4.135,0.1772,4.323,0.2169,3.742,0.2728,2.779,0.1876,0.9291,2.923,2.636,1.064,12.72,35.78
233,1,505.5,50.55,88.51,8.852,16.09,1.61,4.868,0.488,5.5,0.5509,5.983,0.1922,4.936,0.1223,4.946,0.125,5.972,0.3638,4.345,0.1797,0.5319,0.4213,0.6034,0.1443,13.63,32.29
234,2,5.583,0.5614,0.7725,0.08512,nan,nan,nan,nan,nan,nan,4.051,0.1773,3.852,0.3569,nan,nan,nan,nan,nan,nan,0.4329,1.334,1.139,0.8145,4.125,20.22
235,2,1.066,0.109,0.1257,0.01973,nan,nan,nan,nan,nan,nan,3.073,0.1713,1.322,0.065,nan,nan,nan,nan,nan,nan,0.5356,0.2124,0.2691,0.2949,0.9043,8.581
236,2,10.48,1.05,1.645,0.1698,nan,nan,nan,nan,nan,nan,2.407,0.06703,1.355,0.1043,nan,nan,nan,nan,nan,nan,0.2376,0.3287,nan,0.2623,5.288,25.45
237,1,291.1,29.11,61.95,6.196,3.786,0.3798,1.534,0.1554,1.653,0.1669,4.104,0.1403,2.249,0.09227,2.261,0.1119,4.95,0.4944,1.722,0.1785,1.716,0.5325,1.479,1.168,9.662,24.43
238,1,244.7,24.47,53.04,5.305,3.461,0.3472,1.315,0.1333,1.478,0.1492,4.04,0.1598,1.968,0.08087,2.071,0.1058,4.779,0.4855,1.589,0.1429,0.5954,0.5124,0.7602,0.1137,7.409,16.14
239,2,0.9711,0.09839,0.07709,0.01325,nan,nan,nan,nan,nan,nan,1.346,0.06441,0.8842,0.02214,nan,nan,nan,nan,nan,nan,0.2268,0.293,nan,0.1215,0.5606,4.363
240,1,291.6,29.16,70.28,7.029,5.644,0.5651,1.443,0.1458,2.144,0.2156,3.205,0.1527,2.364,0.07351,2.952,0.1634,1.654,0.1071,1.674,0.06396,0.8642,1.698,1.91,0.8082,10.76,33.31
241,2,14.02,1.402,2.301,0.2308,0.2096,0.02175,0.03545,0.005373,0.04587,0.006489,1.692,0.08615,1.428,0.0891,1.472,0.06947,0.7773,0.05163,1.475,0.1507,0.2628,0.6129,0.4443,0.1311,0.8197,4.509
242,1,24.35,2.435,3.13,0.3168,0.01521,0.008579,nan,nan,0.01531,0.007781,2.47,0.1606,1.089,0.08278,0.2592,3548,nan,nan,0.1688,2.365e+04,0.4394,1.615,1.284,0.8917,6.41,24.73
243,1,153.8,15.38,26.9,2.691,1.279,0.1293,0.2584,0.0286,0.5204,0.05433,2.274,0.1023,2.026,0.06582,1.712,0.05879,2.863,0.3555,2.113,0.1792,0.9178,1.165,1.612,0.537,7.203,26.18
244,1,122,12.2,22.27,2.227,1.025,0.1039,0.1991,0.02256,0.4444,0.04663,2.001,0.09647,1.705,0.06752,1.588,0.04584,1.514,0.1107,2.134,0.1623,0.7927,1.052,1.406,0.425,4.823,14.98
245,2,5.685,0.569,0.6129,0.06482,nan,nan,nan,nan,nan,nan,1.113,0.02064,1.075,0.02304,nan,nan,nan,nan,nan,nan,0.4505,0.3136,0.381,0.2307,1.185,5.381
246,1,127,12.7,21.19,2.12,4.095,0.4098,0.7042,0.07156,0.5636,0.05766,2.62,0.1249,2.403,0.09332,2.369,0.08881,1.934,0.092,1.608,0.06833,0.3513,1.409,1.039,0.9324,3.908,16
247,2,3.802,0.3817,0.5718,0.06192,0.04297,0.007156,nan,nan,nan,nan,1.5,0.06436,0.9885,0.08458,0.0509,inf,nan,nan,nan,nan,0.2563,0.2236,nan,0.01895,1.37,7.709
248,2,360.5,36.05,71.49,7.149,12.95,1.295,2.86,0.2869,2.42,0.243,4.193,0.194,3.471,0.1663,3.723,0.212,3.162,0.251,2.619,0.167,0.5618,0.9213,1.067,0.4361,6.283,18.18
249,1,262.3,26.23,40.93,4.094,7.976,0.7979,1.638,0.165,1.761,0.1772,4.007,0.2173,3.444,0.2362,3.541,0.1751,3.734,0.219,2.448,0.1407,1.43,1.009,1.893,0.5009,6.045,22.4
250,1,123.9,12.39,19.16,1.917,3.748,0.3752,0.8919,0.09024,0.9213,0.09314,4.171,0.2676,1.914,0.1621,3.123,0.2226,2.206,0.1523,1.569,0.05718,0.3627,0.8965,0.7943,0.5313,2.803,13.09
251,2,108.6,10.86,17.32,1.733,3.407,0.341,0.808,0.08178,0.8309,0.08402,4.14,0.2642,1.843,0.1477,2.635,0.187,1.974,0.1337,1.482,0.05468,0.3438,0.8851,0.7589,0.4149,2.306,10.33
252,2,364.9,36.49,71.4,7.14,12.17,1.217,4.002,0.4011,4.82,0.4827,5.605,0.2245,4.835,0.1531,4.47,0.1304,4.23,0.1589,3.595,0.1677,0.5127,0.4096,0.5715,0.06687,7.473,19.34
253,1,3.415,0.3433,0.4193,0.04936,nan,nan,nan,nan,nan,nan,1.627,0.07115,1.344,0.05187,nan,nan,nan,nan,nan,nan,0.2206,0.3072,nan,0.04468,2.507,18.33
254,2,189.1,18.91,52.55,5.256,3.745,0.375,1.004,0.1016,1.646,0.1656,1.996,0.09517,1.827,0.06065,1.784,0.05826,1.174,0.103,1.46,0.06285,0.7821,1.203,1.503,0.5598,6.373,22.69
255,2,1.312,0.1325,0.1059,0.01657,nan,nan,nan,nan,nan,nan,1.516,0.05113,1.124,0.03228,nan,nan,nan,nan,nan,nan,0.2161,0.2801,nan,0.0266,0.6663,4.945
256,2,1.105,0.1127,0.209,0.02745,nan,nan,nan,nan,nan,nan,1.37,0.0709,0.9564,0.0289,nan,nan,nan,nan,nan,nan,0.2597,0.6359,0.4562,0.4543,1.238,8.872
257,2,40.44,4.044,9.038,0.9042,0.3443,0.03554,0.07978,0.01025,0.1487,0.01674,1.408,0.08073,1.156,0.06058,1.25,0.05292,1.027,0.05407,1.281,0.07896,0.4977,0.9495,1.01,0.451,1.835,8.29
258,2,9.933,0.9934,1.877,0.1882,0.3088,0.03118,0.06473,0.007581,0.02656,0.004244,1.347,0.06497,1.253,0.04351,1.227,0.05465,0.8375,0.04289,0.7717,0.03156,0.2243,0.2597,nan,0.02206,0.2962,2.473
259,2,1.783,0.1803,0.2477,0.03144,nan,nan,nan,nan,nan,nan,2.462,0.1521,2.07,0.08923,nan,nan,nan,nan,nan,nan,0.243,0.415,0.1955,0.3553,1.063,6.545
260,1,28.63,2.864,3.422,0.3471,0.5058,0.05324,0.1367,0.01764,nan,nan,5.564,0.5139,1.928,0.1714,2.289,0.251,0.7863,0.1327,nan,nan,0.4556,1.2,1.103,0.6013,6.595,23.71
261,1,26.62,2.663,3.282,0.3328,0.5386,0.05624,0.1519,0.01855,nan,nan,5.757,0.521,1.951,0.1799,2.422,0.2352,5.153,0.9236,nan,nan,0.431,1.2,1.067,0.8643,5.595,20.07
262,1,13.42,1.343,1.761,0.1801,0.296,0.03167,0.1119,0.0139,nan,nan,4.769,0.503,0.9978,0.07531,1.046,0.09698,5.816,0.9607,nan,nan,0.3894,0.2525,0.1779,0.337,2.581,9.89
263,2,2.014,0.2027,0.1563,0.02259,nan,nan,0.03488,0.005453,nan,nan,4.171,0.2873,4.814,0.6752,nan,nan,1.174,0.1161,nan,nan,0.206,0.2283,nan,0.01753,0.6822,4.218
264,2,20.74,2.074,3.335,0.3344,0.5114,0.05177,0.08212,0.01008,0.09002,0.01089,2.189,0.09192,1.529,0.07887,2.034,0.0951,1.964,0.159,1.396,0.09882,0.3602,0.2874,0.213,0.1004,0.8726,4.654
265,1,5.035,0.5059,0.504,0.05915,0.1124,0.01442,0.0001619,0.00612,nan,nan,2.48,0.1046,2.637,0.1964,1.075,0.1465,-0.2789,383.6,nan,nan,0.6537,0.2483,0.448,0.5542,3.496,17.31
266,2,1.047,0.1069,0.1153,0.019,nan,nan,nan,nan,nan,nan,2.145,0.09578,1.314,0.1503,nan,nan,nan,nan,nan,nan,0.228,0.4462,0.2015,0.4308,0.6716,4.218
267,2,2.883,0.2903,0.259,0.03367,0.113,0.01361,0.02171,0.005444,nan,nan,2.476,0.1084,1.842,0.1594,1.672,0.1238,1.288,0.1711,nan,nan,0.2178,0.2349,nan,0.02344,1.994,11.34
268,2,111.1,11.11,30.2,3.02,2.142,0.2147,0.8075,0.08186,1.009,0.1018,3.498,0.1517,2.528,0.1025,2.323,0.09527,3.51,0.3109,2.043,0.07844,0.5394,0.4632,0.6573,0.1121,2.211,7.854
269,2,6.315,0.6318,0.7546,0.07743,0.09909,0.01132,0.04802,0.006529,nan,nan,1.762,0.1048,1.705,0.1023,1.701,0.1005,1.611,0.1434,nan,nan,0.1815,0.38,nan,0.3571,0.5447,4.072
270,2,0.7469,0.07657,0.1287,0.01935,nan,nan,nan,nan,nan,nan,1.048,0.05298,1.042,0.0569,nan,nan,nan,nan,nan,nan,0.2514,0.544,0.3649,0.4188,0.587,4.509
271,2,0.6424,0.06623,0.07649,0.01444,nan,nan,nan,nan,nan,nan,1.707,0.09246,1.938,0.1871,nan,nan,nan,nan,nan,nan,0.1616,0.4675,nan,0.6418,0.5659,5.091
272,2,9.941,0.9942,1.63,0.1639,0.08269,0.00991,nan,nan,0.009061,0.002922,nan,nan,nan,nan,nan,nan,nan,nan,-0.09907,inf,0.3019,0.699,0.5739,0.3422,1.084,7.418
273,2,0.4615,0.04834,0.1502,0.02007,nan,nan,0.00956,0.002629,nan,nan,1.347,0.0635,1.321,0.06099,nan,nan,1.513,0.1884,nan,nan,0.2353,0.4335,0.2034,0.3091,0.4707,3.927
274,2,9.489,0.949,1.748,0.1754,0.07121,0.008352,nan,nan,0.01944,0.003714,nan,nan,nan,nan,nan,nan,nan,nan,nan,nan,0.6082,0.2215,0.3576,0.5468,0.5288,4.8
275,2,4.845,0.4848,0.7026,0.07212,0.02284,0.003972,nan,nan,0.01788,0.00372,1.333,0.06873,1.441,0.09495,1.611,0.1915,nan,nan,0.5607,0.04612,0.4262,0.189,nan,0.7824,0.6082,4.654
276,2,5.495,0.5502,0.795,0.08329,0.05973,0.008257,nan,nan,nan,nan,2.016,0.05318,1.644,0.01926,1.109,0.03974,nan,nan,nan,nan,0.2287,0.2565,nan,0.041,0.7457,4.072
277,2,3.932,0.394,0.4505,0.04979,0.03277,0.005867,nan,nan,nan,nan,1.738,0.04574,1.52,0.04132,1.09,0.09248,nan,nan,nan,nan,0.2313,0.2483,nan,0.008393,0.6452,3.782
278,2,18.4,1.841,2.442,0.2465,0.3844,0.03961,0.09857,0.01178,0.06791,0.009055,1.702,0.02028,1.385,0.01171,1.139,0.02155,0.8155,0.07378,1.403,0.1129,0.3406,0.242,nan,0.4187,1.423,5.672
279,2,97,9.7,16.69,1.67,3.19,0.3193,0.544,0.05543,0.4724,0.04839,1.955,0.08612,1.732,0.0524,1.67,0.04793,0.9905,0.03031,1.076,0.03419,0.304,1.152,0.835,0.8586,2.962,13.53
280,2,4.165,0.4179,0.3086,0.03897,0.06363,0.008699,nan,nan,nan,nan,3.441,0.218,2.985,0.243,0.8825,0.1108,nan,nan,nan,nan,0.311,0.2448,nan,0.1794,1.56,9.454
281,2,3.523,0.3537,0.3954,0.04664,nan,nan,nan,nan,nan,nan,2.031,0.1047,1.466,0.09716,nan,nan,nan,nan,nan,nan,0.724,0.4043,0.7384,0.2602,1.682,9.163
282,2,1.399,0.141,0.1356,0.01935,0.06129,0.0079,nan,nan,nan,nan,2.083,0.1197,1.516,0.08025,1.136,0.06907,nan,nan,nan,nan,0.5733,0.1909,0.247,0.6595,0.6029,5.236
283,2,2.514,0.2533,0.2599,0.03343,nan,nan,nan,nan,nan,nan,2.771,0.1597,2.008,0.1958,nan,nan,nan,nan,nan,nan,0.5557,0.9534,1.083,0.2556,1.703,14.54
284,2,35.08,3.508,6.778,0.6787,1.08,0.1086,0.1583,0.01752,0.183,0.02009,3.333,0.1475,2.544,0.1107,2.586,0.1354,3.537,0.5356,2.98,0.2694,0.3043,0.7055,0.5823,0.1007,1.491,6.69
285,1,55.91,5.591,9.033,0.9045,1.669,0.1676,0.2761,0.02953,0.3148,0.03343,5.6,0.4047,3.514,0.2803,4.961,0.4183,5.184,0.6147,4.648,0.3993,1.282,0.4444,1.13,0.8677,2.581,11.93
286,2,42.84,4.284,8.522,0.8533,0.2971,0.03162,0.2015,0.02278,0.1615,0.01873,3.257,0.07645,2.149,0.09479,2.626,0.1351,3.105,0.3518,2.027,0.3215,0.1597,0.7806,0.3181,0.7747,1.708,7.854
287,2,2.176,0.2223,0.1624,0.02703,0.02929,0.007032,0.04712,0.00847,0.09522,0.01259,2.286,0.1528,0.9126,0.2035,1.749,0.4357,1.144,0.1814,0.9839,0.1864,0.164,0.2792,nan,0.04923,3.004,21.82
288,2,35.63,3.564,9.171,0.9176,0.2636,0.02803,0.07285,0.00952,0.1135,0.01303,1.992,0.09678,1.738,0.08632,1.788,0.06434,1.371,0.104,1.459,0.08297,0.4323,0.6091,0.6838,0.1733,1.438,5.963
289,2,0.871,0.08829,nan,nan,nan,nan,nan,nan,nan,nan,1.597,0.1022,nan,nan,nan,nan,nan,nan,nan,nan,0.2181,0.2488,nan,0.04815,0.3702,2.618
290,2,11.94,1.194,1.837,0.186,0.06956,0.009255,nan,nan,0.03674,0.006847,1.17,0.02953,0.9197,0.02049,0.6355,0.04919,nan,nan,0.2427,8426,0.5759,0.2751,0.4364,0.03779,1.93,9.018
291,2,8.436,0.8439,0.7266,0.07628,0.06575,0.008868,nan,nan,nan,nan,1.522,0.04873,1.608,0.07819,0.8074,0.0465,nan,nan,nan,nan,0.3019,0.5097,0.4223,0.3337,1.052,6.109
292,2,0.4426,0.04805,nan,nan,nan,nan,nan,nan,nan,nan,1.478,0.04838,nan,nan,nan,nan,nan,nan,nan,nan,0.3322,0.2207,nan,0.2681,0.6769,4.8
293,2,0.3936,0.04194,0.04812,0.01043,nan,nan,nan,nan,nan,nan,1.353,0.06576,0.6642,0.08351,nan,nan,nan,nan,nan,nan,0.1538,0.3853,nan,0.1954,0.3702,3.782
294,2,1.12,0.1143,0.1056,0.01796,nan,nan,nan,nan,nan,nan,3.187,0.2102,2.729,0.2301,nan,nan,nan,nan,nan,nan,0.2282,0.5723,0.342,0.3141,0.8091,6.836
295,2,0.5198,0.05382,0.06422,0.01147,nan,nan,0.004234,0.001883,0.0003523,0.001165,1.375,0.07214,1.325,0.09071,nan,nan,0.5235,0.2585,0.2503,2434,0.2308,0.1651,nan,0.06144,0.4548,4.8
296,2,0.7505,0.07705,0.1251,0.01896,nan,nan,nan,nan,nan,nan,2.071,0.1157,2.105,0.134,nan,nan,nan,nan,nan,nan,0.217,0.2865,nan,0.1201,0.4284,3.2
297,2,98.63,9.864,16.95,1.695,3.222,0.3224,0.5364,0.05473,0.6559,0.06664,1.933,0.08301,1.828,0.06294,1.7,0.05904,1.365,0.0796,1.793,0.0796,0.642,0.504,0.7917,0.1931,2.29,7.563
298,2,12.99,1.299,1.266,0.1294,0.2954,0.03078,0.02661,0.005193,0.03065,0.005248,1.722,0.04406,1.176,0.03266,1.356,0.04716,1.791,0.595,0.68,0.1312,0.2586,0.3909,0.1972,0.2794,1.116,5.527
299,2,5.777,0.5787,1.25,0.128,0.01152,0.003816,nan,nan,nan,nan,2.245,0.0399,1.714,0.0349,0.9133,0.35,nan,nan,nan,nan,0.2472,0.2388,nan,0.009272,1.1,6.69
300,2,0.6886,0.07199,0.1147,0.01767,nan,nan,nan,nan,nan,nan,3.096,0.1967,2.869,0.3304,nan,nan,nan,nan,nan,nan,0.1707,0.1886,nan,0.01021,0.6082,5.236
301,1,28.07,2.808,2.154,0.2216,nan,nan,nan,nan,nan,nan,3.393,0.1266,3.408,0.3903,nan,nan,nan,nan,nan,nan,0.3298,0.8063,0.6888,0.4829,4.236,13.24
302,1,179.1,17.91,25.03,2.506,1.589,0.1612,0.6554,0.06887,0.276,0.03146,3.454,0.08636,2.517,0.07756,2.733,0.3099,2.65,0.6166,5.184,1.18,0.3717,0.9443,0.8363,0.4507,25.16,69.09
303,2,1.595,0.1606,0.21,0.02599,nan,nan,nan,nan,nan,nan,1.496,0.02042,1.148,0.01221,nan,nan,nan,nan,nan,nan,0.2037,0.2346,nan,0.03465,0.513,3.345
304,2,1.227,0.1248,0.09953,0.01699,nan,nan,nan,nan,nan,nan,2.044,0.1266,1.594,0.08675,nan,nan,nan,nan,nan,nan,0.2516,0.184,nan,0.04186,0.6928,4.509
305,2,0.5248,0.05455,nan,nan,nan,nan,nan,nan,nan,nan,1.947,0.09278,nan,nan,nan,nan,nan,nan,nan,nan,0.1788,0.2247,nan,0.04968,0.4072,3.345
306,2,1.384,0.1393,0.2173,0.02607,nan,nan,nan,nan,nan,nan,1.952,0.08478,1.52,0.05561,nan,nan,nan,nan,nan,nan,0.2133,0.1895,nan,0.007331,0.312,2.763
307,2,9.467,0.947,0.6938,0.0735,nan,nan,nan,nan,nan,nan,2.352,0.1201,1.974,0.06173,nan,nan,nan,nan,nan,nan,0.4031,0.2948,0.2929,0.07073,0.9678,5.236
308,2,0.3635,0.0393,nan,nan,nan,nan,nan,nan,nan,nan,1.333,0.02243,nan,nan,nan,nan,nan,nan,nan,nan,0.193,0.1668,nan,0.006261,0.3332,2.909
309,2,0.5452,0.0586,0.0684,0.01337,nan,nan,nan,nan,nan,nan,1.3,0.03384,1.869,0.2166,nan,nan,nan,nan,nan,nan,0.1908,0.2134,nan,0.0167,0.751,4.509
310,1,178.3,17.83,24.95,2.498,1.614,0.1637,0.662,0.06945,0.26,0.02988,3.368,0.0638,2.484,0.06996,2.833,0.2445,2.486,0.7838,4.706,1.107,0.3716,0.9444,0.8362,0.4519,24.6,67.92
311,2,7.893,0.7894,0.9881,0.09973,0.1664,0.0172,0.04261,0.005725,0.05662,0.006997,1.407,0.08064,1.417,0.09072,1.428,0.08994,1.409,0.09269,1.242,0.03981,0.1751,0.3657,nan,0.2707,0.3385,2.909
312,1,5.995,0.6025,0.5395,0.06293,0.1771,0.02072,nan,nan,nan,nan,1.76,0.1119,4.265,1.329,1.418,0.5369,nan,nan,nan,nan,0.8098,0.3481,0.7189,0.3234,4.939,31.85
313,1,89.01,8.903,7.811,0.7886,0.819,0.08636,0.0374,0.02133,0.309,0.03754,5.331,0.1628,3.256,0.419,1.7,0.6525,1.691,0.2876,3.051,1.108,3.184,0.5606,2.119,0.4303,39.58,122.6
314,1,176.9,17.69,24.87,2.49,1.604,0.1626,0.6605,0.06923,0.2425,0.0281,3.304,0.06739,2.649,0.1155,3.216,0.1771,2.636,0.5606,1.463,0.3087,0.3715,0.9442,0.8359,0.4645,23.37,65.74
315,2,0.9611,0.09726,0.04728,0.0105,0.02728,0.004661,nan,nan,0.02403,0.004228,1.325,0.05936,1.461,0.108,1.161,0.1035,nan,nan,1.019,0.05402,0.2771,0.2035,nan,0.02491,0.349,2.909
316,1,3.913,0.3938,0.333,0.0425,nan,nan,0.01301,0.005505,nan,nan,3.391,0.1522,3.143,0.6066,nan,nan,0.5111,0.2589,nan,nan,0.2462,0.5766,0.3833,0.419,2.618,12.8
317,1,171.1,17.11,24.49,2.452,1.538,0.1559,0.6086,0.06386,0.2064,0.0243,3.168,0.07155,2.357,0.05672,2.978,0.122,3.128,0.3826,1.415,0.2526,0.3707,0.9443,0.8347,0.4762,18.48,45.23
318,1,163.4,16.34,23.9,2.392,1.49,0.151,0.5817,0.06106,0.197,0.02318,3.137,0.07138,2.332,0.05026,2.978,0.1178,3.161,0.3813,1.446,0.2426,0.3703,0.9441,0.834,0.4667,15.41,32.14
319,1,38.29,3.83,3.308,0.3355,0.454,0.048,nan,nan,nan,nan,2.869,0.06277,2.518,0.08471,3.701,0.3339,nan,nan,nan,nan,1.425,0.5197,1.315,0.877,4.834,20.22
320,2,1.895,0.1906,0.05646,0.01221,0.1044,0.01218,0.01892,0.004364,0.01936,0.003681,1.867,0.07315,1.151,0.08855,1.868,0.1037,0.3477,1.492,0.406,0.2952,0.2069,0.6157,0.3293,0.1933,0.7351,5.963
321,2,3.351,0.3355,0.162,0.02224,0.1044,0.01179,nan,nan,nan,nan,2.122,0.07812,1.706,0.06702,1.814,0.05829,nan,nan,nan,nan,0.2606,0.2248,nan,0.02299,0.4548,3.491
322,2,1.526,0.1538,0.1271,0.01933,0.04786,0.006731,nan,nan,nan,nan,3.094,0.202,0.8681,0.1395,1.403,0.05441,nan,nan,nan,nan,0.2988,0.1755,nan,0.0602,0.3966,3.2
323,2,4.524,0.4528,0.3629,0.04007,nan,nan,nan,nan,nan,nan,1.953,0.08771,1.985,0.1053,nan,nan,nan,nan,nan,nan,0.2002,0.2908,nan,0.1142,0.4601,3.054
324,1,62.52,6.254,5.501,0.5577,0.4821,0.05279,0.1425,0.02299,0.2318,0.02918,4.577,0.2203,2.382,0.1395,1.74,0.6169,0.8859,0.1475,1.352,0.4788,0.8124,0.391,0.7817,0.2346,27.53,84.94
325,1,60.81,6.083,5.423,0.5495,0.4403,0.04861,0.1234,0.02114,0.2758,0.03253,4.463,0.21,2.34,0.1063,1.71,0.5925,0.8456,0.1278,-2.876,1682,0.8175,0.3932,0.7881,0.222,25.94,82.47
326,1,132.9,13.29,20.92,2.094,1.092,0.1109,0.3947,0.04196,0.132,0.01587,3.202,0.1009,2.379,0.05528,2.955,0.1497,2.864,0.2913,1.613,0.2242,0.3627,0.9437,0.8223,0.4617,7.642,15.71
327,1,35.57,3.558,3.215,0.326,0.3274,0.03554,nan,nan,nan,nan,2.688,0.07076,2.452,0.09003,2.953,0.303,nan,nan,nan,nan,1.426,0.52,1.316,0.7929,3.913,14.54
328,2,1.456,0.1478,0.02483,0.01048,nan,nan,nan,nan,nan,nan,2.965,0.1417,0.2927,4.206,nan,nan,nan,nan,nan,nan,0.5064,0.2939,0.4063,0.3236,0.788,6.4
329,1,52.9,5.292,5.137,0.52,0.4067,0.04425,nan,nan,0.2525,0.02885,4.1,0.1793,2.4,0.1187,1.824,0.5673,nan,nan,4.367,0.9348,0.3961,0.8186,0.7928,0.218,16.37,42.32
330,2,71.91,7.191,13.27,1.328,0.6288,0.0641,0.1742,0.01972,0.07376,0.009873,2.53,0.1073,2.212,0.08074,2.272,0.1409,1.787,0.1973,1.644,0.2176,0.3339,0.9184,0.7629,0.7017,3.321,13.67
331,1,9.229,0.9235,1.421,0.1448,0.2571,0.02731,0.05921,0.008303,nan,nan,2.722,0.1779,1.019,0.06252,1.04,0.07547,0.8474,0.0726,nan,nan,0.3043,0.2578,nan,0.1368,1.539,7.709
332,2,19.44,1.945,2.106,0.2138,0.1206,0.01467,nan,nan,nan,nan,2.5,0.1076,2.236,0.08573,2.644,0.2573,nan,nan,nan,nan,1.116,0.2094,0.6238,0.9434,1.793,9.308
333,2,0.6857,0.07095,nan,nan,nan,nan,nan,nan,nan,nan,2.173,0.0835,nan,nan,nan,nan,nan,nan,nan,nan,0.4322,0.1901,nan,1.067,0.5553,4.072
334,2,18.14,1.814,1.955,0.1975,0.5132,0.05207,0.1013,0.01218,0.1171,0.01366,2.521,0.1012,2.655,0.1356,2.283,0.08585,2.834,0.3159,1.899,0.1096,0.3473,0.2255,nan,0.3811,1.116,6.836
335,2,0.6183,0.06628,nan,nan,nan,nan,nan,nan,nan,nan,3.744,0.2232,nan,nan,nan,nan,nan,nan,nan,nan,0.2815,0.1956,nan,0.06832,0.8514,6.981
336,2,2.74,0.2759,0.2493,0.03303,nan,nan,0.02232,0.004869,nan,nan,2.548,0.1354,2.439,0.2493,nan,nan,1.573,0.3131,nan,nan,0.2504,0.5684,0.3847,0.3581,1.497,6.981
337,1,42.5,4.251,4.492,0.4542,0.3127,0.0345,nan,nan,0.2062,0.02372,3.185,0.1039,2.098,0.07671,2.2,0.2916,nan,nan,3.612,0.8542,0.3984,0.8001,0.7836,0.2789,9.477,24.58
338,2,4.532,0.4539,0.3704,0.04162,nan,nan,nan,nan,nan,nan,1.453,0.03739,1.316,0.05656,nan,nan,nan,nan,nan,nan,0.3461,0.1368,nan,0.1019,0.7774,5.963
339,1,46.32,4.634,6.945,0.698,0.6517,0.06771,0.2922,0.03308,0.2484,0.02879,4.302,0.3267,1.601,0.1231,1.695,0.154,2.1,0.4967,4.934,1.453,0.3774,0.2663,0.1933,0.2958,10.31,38.11
340,2,4.457,0.4461,0.3236,0.03742,0.07522,0.009567,nan,nan,nan,nan,1.664,0.07888,1.571,0.09401,2.011,0.2023,nan,nan,nan,nan,0.4377,0.194,nan,0.9248,0.5236,4.072
341,2,1.997,0.2006,0.185,0.02492,0.05726,0.007683,nan,nan,nan,nan,1.879,0.0783,1.955,0.1029,1.494,0.08471,nan,nan,nan,nan,0.3332,0.1839,nan,0.1982,0.5077,3.636
342,2,0.9295,0.09619,0.06836,0.01358,nan,nan,nan,nan,nan,nan,4.406,0.3493,2.326,0.3172,nan,nan,nan,nan,nan,nan,0.1743,0.4482,nan,0.1311,0.7404,5.672
343,1,24.74,2.476,2.235,0.2298,0.3213,0.03572,nan,nan,0.1052,0.01494,2.877,0.1009,2.038,0.2364,1.376,0.2973,nan,nan,1.564,0.3007,1.97,1.018,2.251,0.8971,9.911,37.52
344,2,25.19,2.52,3.326,0.3361,0.1537,0.01812,nan,nan,0.09755,0.01205,2.511,0.09871,1.911,0.05873,2.107,0.2029,nan,nan,1.782,0.1666,0.8004,0.3785,0.7565,0.2755,3.882,13.96
345,2,3.979,0.3991,0.3264,0.03908,0.1234,0.01463,nan,nan,nan,nan,1.687,0.02846,1.311,0.04783,1.878,0.08526,nan,nan,nan,nan,0.2175,0.3339,nan,0.08361,1.01,5.236
346,2,11.8,1.181,1.407,0.1455,0.2418,0.02657,0.03772,0.00692,nan,nan,2.047,0.07539,2.037,0.09089,2.088,0.1178,0.6799,0.02782,nan,nan,0.296,0.9876,0.7377,0.2741,2.523,9.018
347,2,7.98,0.7985,1.318,0.1343,0.2333,0.02481,0.05191,0.007447,nan,nan,1.414,0.01973,1.016,0.03029,1.016,0.03546,0.7914,0.03183,nan,nan,0.3056,0.2585,nan,0.1353,1.095,5.091
348,2,5.522,0.5528,0.4028,0.04569,0.2222,0.02348,0.04583,0.006699,nan,nan,2.495,0.153,2.412,0.1588,2.055,0.127,1.172,0.09689,nan,nan,0.3506,0.2103,nan,0.324,0.7986,4.654
349,2,1.025,0.1045,0.1059,0.01785,nan,nan,nan,nan,nan,nan,2.523,0.08152,1.125,0.07978,nan,nan,nan,nan,nan,nan,0.1771,0.2505,nan,0.08081,0.5659,4.072
350,2,2.477,0.2509,0.1101,0.02162,nan,nan,0.03425,0.007292,nan,nan,2.848,0.1158,2.79,0.3983,nan,nan,1.826,0.5833,nan,nan,0.2102,0.6412,0.3578,0.5112,2.105,10.62
351,2,0.4792,0.05088,0.004055,0.007214,nan,nan,nan,nan,nan,nan,1.644,0.07567,0.2671,168.8,nan,nan,nan,nan,nan,nan,0.184,0.08961,nan,0.03634,0.5341,3.782
352,1,37.83,3.784,5.969,0.5993,0.5228,0.05407,0.1647,0.01959,0.1519,0.01801,3.029,0.2208,1.559,0.08846,1.435,0.07548,1.115,0.07969,1.264,0.2736,0.3775,0.267,0.1953,0.2907,3.961,13.96
353,2,33.73,3.374,5.606,0.5625,0.4492,0.04644,0.1156,0.01439,0.1015,0.01273,2.426,0.174,1.418,0.06714,1.377,0.075,1.054,0.07742,1.202,0.2203,0.3736,0.2656,0.1845,0.2893,2.475,8.436
354,1,6.146,0.6163,0.8378,0.08889,0.1005,0.01297,0.06364,0.009372,nan,nan,1.968,0.04935,1.371,0.05007,0.8573,0.08515,3.157,0.7313,nan,nan,0.2139,0.3267,nan,0.1539,2.359,13.67
355,2,5.372,0.5384,0.7638,0.08058,0.1015,0.01243,0.0397,0.006848,nan,nan,1.841,0.03335,1.283,0.04481,0.9393,0.06551,2.8,0.7227,nan,nan,0.2144,0.3233,nan,0.1259,1.19,5.527
356,2,0.3925,0.04188,nan,nan,nan,nan,nan,nan,nan,nan,2.562,0.1208,nan,nan,nan,nan,nan,nan,nan,nan,0.1483,0.2668,nan,0.07037,0.3014,2.763
357,2,1.849,0.1921,0.1502,0.02691,nan,nan,0.02473,0.007107,nan,nan,4.15,0.1958,-0.4992,0.2557,nan,nan,0.5024,0.3304,nan,nan,0.1714,0.2737,nan,0.0101,4.633,30.54
358,2,5.285,0.529,0.5827,0.06221,0.07693,0.009726,nan,nan,nan,nan,1.492,0.06326,1.298,0.05618,1.523,0.0806,nan,nan,nan,nan,0.2289,0.2675,nan,0.05093,0.9519,5.527
359,2,1.611,0.162,0.1062,0.01722,0.03855,0.005941,nan,nan,nan,nan,1.43,0.03427,1.775,0.1175,1.322,0.03834,nan,nan,nan,nan,0.2241,0.2077,nan,0.007971,0.5024,3.2
360,2,2.364,0.2385,0.2012,0.0272,0.06422,0.009068,nan,nan,nan,nan,1.134,0.02051,0.707,0.05916,1.105,0.2142,nan,nan,nan,nan,0.2558,0.2365,nan,0.0176,1.423,8.29
361,2,1.244,0.1305,0.02518,0.01588,nan,nan,nan,nan,nan,nan,5.276,0.5456,0.9397,0.1928,nan,nan,nan,nan,nan,nan,0.2536,1.663,0.9413,1.313,2.523,18.18
362,2,1.391,0.1407,0.05788,0.01273,0.06092,0.00826,nan,nan,nan,nan,2.462,0.164,2.515,0.4197,2.236,0.1921,nan,nan,nan,nan,0.4544,0.1838,nan,1.093,0.5923,4.072
363,1,20.27,2.029,1.961,0.2013,0.2544,0.02876,nan,nan,0.1089,0.01391,2.623,0.1082,1.844,0.1558,1.77,0.4226,nan,nan,1.797,0.2837,1.724,0.442,1.336,0.3371,5.96,21.67
364,1,11.12,1.116,0.3678,0.05271,nan,nan,nan,nan,nan,nan,3.616,0.1155,2.772,1.327,nan,nan,nan,nan,nan,nan,0.541,0.982,1.084,0.4174,7.293,25.45
365,2,4.438,0.4446,0.5865,0.06331,0.09464,0.01173,nan,nan,nan,nan,2.297,0.1071,1.901,0.07325,2.549,0.2402,nan,nan,nan,nan,0.24,0.442,0.2283,0.4902,0.9784,5.672
366,2,0.6669,0.06918,nan,nan,nan,nan,nan,nan,nan,nan,1.252,0.04215,nan,nan,nan,nan,nan,nan,nan,nan,0.1838,0.4997,0.1208,0.6459,0.6346,4.509
367,2,2.512,0.2521,0.1982,0.02623,nan,nan,nan,nan,nan,nan,1.648,0.07479,1.302,0.03796,nan,nan,nan,nan,nan,nan,0.9199,0.1859,0.4729,0.8309,0.8832,6.254
368,2,0.9523,0.09682,0.06286,0.01173,nan,nan,nan,nan,nan,nan,1.978,0.06334,0.5436,0.1796,nan,nan,nan,nan,nan,nan,0.1225,0.2156,nan,0.05102,0.4231,3.782
369,1,4.153,0.4169,0.3124,0.03946,nan,nan,nan,nan,nan,nan,3.123,0.1547,1.252,0.1755,nan,nan,nan,nan,nan,nan,0.3364,1.449,1.029,1.541,1.988,13.09
370,2,5.92,0.5922,0.5914,0.06105,nan,nan,nan,nan,nan,nan,1.021,0.04703,1.047,0.05292,nan,nan,nan,nan,nan,nan,0.2259,0.622,0.3783,0.4872,0.6769,4.509
371,2,0.3635,0.03928,0.04448,0.01033,nan,nan,nan,nan,nan,nan,1.355,0.03025,0.8776,0.1086,nan,nan,nan,nan,nan,nan,0.1833,0.2195,nan,0.03749,0.3596,2.763
372,2,0.8187,0.08451,nan,nan,nan,nan,nan,nan,nan,nan,2.306,0.1255,nan,nan,nan,nan,nan,nan,nan,nan,0.2013,0.2559,nan,0.06831,0.7034,5.672
373,2,3.062,0.3085,0.3145,0.03882,0.08951,0.0115,nan,nan,nan,nan,1.518,0.04093,2.402,0.313,1.403,0.155,nan,nan,nan,nan,0.2308,0.4005,0.1266,0.499,1.825,11.05
374,2,6.043,0.6074,0.5167,0.06073,0.06375,0.01093,nan,nan,0.08497,0.01249,2.519,0.08687,0.3164,2.384,0.4213,0.2565,nan,nan,1.809,0.2603,0.2536,0.7603,0.5303,0.1483,5.415,29.82
375,2,0.7398,0.07799,nan,nan,nan,nan,nan,nan,0.01041,0.003544,1.875,0.07338,nan,nan,nan,nan,nan,nan,0.9335,0.1414,0.1499,0.422,nan,0.3654,1.089,7.563
376,2,3.261,0.3278,0.1892,0.02688,0.05116,0.007781,nan,nan,nan,nan,1.528,0.03606,1.076,0.1267,0.8572,0.174,nan,nan,nan,nan,0.2535,0.2862,nan,0.07684,1.544,8.145
377,1,3.773,0.3785,0.2053,0.02835,nan,nan,nan,nan,nan,nan,2.651,0.1339,3.379,0.5023,nan,nan,nan,nan,nan,nan,0.4379,0.6541,0.7271,0.3573,1.46,7.999
378,2,2.455,0.2466,0.1848,0.02575,nan,nan,nan,nan,nan,nan,2.691,0.1457,3.145,0.3688,nan,nan,nan,nan,nan,nan,0.4547,0.2722,0.3144,0.3637,0.9255,5.381
379,2,0.364,0.03947,nan,nan,nan,nan,nan,nan,nan,nan,1.449,0.038,nan,nan,nan,nan,nan,nan,nan,nan,0.1542,0.2232,nan,0.0508,0.3913,3.054
380,2,0.3972,0.04305,nan,nan,nan,nan,nan,nan,nan,nan,1.781,0.09917,nan,nan,nan,nan,nan,nan,nan,nan,0.3425,0.1865,nan,0.2349,0.4865,3.345
381,2,1.483,0.1534,0.1389,0.02375,nan,nan,nan,nan,nan,nan,2.89,0.09535,3.978,0.6355,nan,nan,nan,nan,nan,nan,0.1879,0.2438,nan,0.04122,2.618,17.74
382,1,15.37,1.538,1.535,0.158,0.1919,0.02218,nan,nan,nan,nan,1.909,0.08181,1.541,0.04379,1.481,0.2068,nan,nan,nan,nan,0.8351,0.4692,0.8984,0.443,3.527,13.24
383,1,14.02,1.403,1.522,0.1565,0.1718,0.01992,nan,nan,nan,nan,1.699,0.05031,1.661,0.04993,1.371,0.1124,nan,nan,nan,nan,0.8342,0.4697,0.8984,0.4428,2.501,9.018
384,2,8.034,0.804,0.7801,0.08205,nan,nan,nan,nan,nan,nan,1.305,0.01942,1.184,0.02054,nan,nan,nan,nan,nan,nan,0.5699,0.2369,0.3584,0.1432,1.227,5.091
385,2,1.124,0.1133,0.1045,0.01578,nan,nan,nan,nan,nan,nan,0.9283,0.031,1.023,0.04604,nan,nan,nan,nan,nan,nan,0.1864,0.2644,nan,0.0904,0.3755,2.763
386,2,1.797,0.1825,0.1147,0.02017,nan,nan,nan,nan,nan,nan,2.398,0.1366,2.49,0.2391,nan,nan,nan,nan,nan,nan,0.2803,0.6977,0.5372,0.4112,1.507,8.29
387,2,4.418,0.4449,0.1952,0.03141,nan,nan,0.002561,0.006168,0.0426,0.008303,2.457,0.06386,1.209,0.3326,nan,nan,-0.2629,861.8,1.614,0.323,0.7048,0.2841,0.5486,0.08593,4.268,20.8
388,2,1.013,0.1023,nan,nan,nan,nan,nan,nan,nan,nan,1.235,0.03831,nan,nan,nan,nan,nan,nan,nan,nan,0.1927,0.2568,nan,0.05423,0.4601,3.054
389,2,3.105,0.3121,0.2488,0.03298,nan,nan,nan,nan,nan,nan,1.939,0.05622,1.13,0.1025,nan,nan,nan,nan,nan,nan,0.2263,0.4434,0.1921,0.07339,1.444,9.163
390,2,2.24,0.2315,nan,nan,nan,nan,nan,nan,nan,nan,4.445,0.1959,nan,nan,nan,nan,nan,nan,nan,nan,0.3113,0.471,0.399,0.3241,5.664,39.12
391,2,0.9498,0.09621,nan,nan,nan,nan,nan,nan,nan,nan,1.692,0.0856,nan,nan,nan,nan,nan,nan,nan,nan,0.201,0.2323,nan,0.01386,0.3649,3.054
392,2,5.098,0.5103,0.6826,0.07189,0.08428,0.01061,nan,nan,nan,nan,1.087,0.0188,0.9827,0.01779,1.181,0.04468,nan,nan,nan,nan,0.2407,0.333,nan,0.1559,0.9202,4.363
393,2,2.655,0.2693,0.1232,0.02333,nan,nan,0.03296,0.006875,nan,nan,2.188,0.08933,0.7898,0.158,nan,nan,1.357,0.3757,nan,nan,0.1983,0.2436,nan,0.02009,3.12,18.76
394,2,3.834,0.3843,0.3825,0.04289,0.03164,0.005875,nan,nan,0.0879,0.01116,1.511,0.02987,0.9965,0.0303,0.4261,0.8107,nan,nan,1.896,0.08273,0.2678,0.2442,nan,0.01231,0.862,4.363
395,1,1.012,0.1062,0.01603,0.01386,nan,nan,nan,nan,nan,nan,2.625,0.08558,-0.2706,2399,nan,nan,nan,nan,nan,nan,0.593,0.2125,0.3237,0.6211,1.301,8.436
396,1,3.28,0.3315,0.3404,0.04312,nan,nan,0.007651,0.005669,nan,nan,2.199,0.09745,1.824,0.4217,nan,nan,0.09675,2.797e+07,nan,nan,0.6348,0.2687,0.4718,0.4771,3.194,18.47
397,2,0.9243,0.09542,nan,nan,nan,nan,nan,nan,nan,nan,1.466,0.03195,nan,nan,nan,nan,nan,nan,nan,nan,0.2037,0.2733,nan,0.006087,0.8409,4.945
398,2,0.919,0.09368,nan,nan,nan,nan,nan,nan,nan,nan,1.246,0.04302,nan,nan,nan,nan,nan,nan,nan,nan,0.2404,0.2864,nan,0.09714,0.6188,3.491
399,2,1.754,0.1793,nan,nan,nan,nan,nan,nan,nan,nan,2.036,0.07857,nan,nan,nan,nan,nan,nan,nan,nan,0.2906,0.6397,0.5129,0.2765,2.528,9.454
400,2,0.3426,0.03861,nan,nan,nan,nan,nan,nan,nan,nan,2.134,0.09648,nan,nan,nan,nan,nan,nan,nan,nan,0.2298,0.202,nan,0.03251,0.5077,3.782
401,2,0.4675,0.04981,0.03761,0.01016,nan,nan,nan,nan,nan,nan,1.54,0.03863,0.9166,0.06519,nan,nan,nan,nan,nan,nan,0.2293,0.1936,nan,0.02492,0.349,2.763
402,2,0.8042,0.08279,0.1549,0.0217,nan,nan,0.006147,0.002983,nan,nan,1.865,0.05381,1.698,0.08577,nan,nan,0.265,113.2,nan,nan,0.1867,0.2029,nan,0.004565,0.513,4.072
403,2,0.6519,0.06894,nan,nan,nan,nan,nan,nan,nan,nan,1.9,0.08633,nan,nan,nan,nan,nan,nan,nan,nan,0.1952,0.1908,nan,0.01201,0.6505,4.363
404,2,1.723,0.1743,nan,nan,nan,nan,nan,nan,nan,nan,1.383,0.03808,nan,nan,nan,nan,nan,nan,nan,nan,0.1826,0.3194,nan,0.184,1.232,6.836
